functional_cluster,work_category,scope_item,delivery_method,cost_component,unit_normalized,rate_group,candidate_count,candidate_sources,retained_workbook,retained_sheet,retained_row,retained_rate,decision_reason,mapping_confidence
100mm PVC drainage pipe up to 1.5m depth | rock,Drainage and Minor Civil Structures,PVC Drainage Line Installation,rock,Pipe Install,m,Provisional Sums,2,VT_Rate Card_Generic for pricing Only.xlsx::Vic Track::r17 @ 313.6842105263158; Andersons Hill-NSWTA-Decon Costs Draft.xlsx::Variation Cost Schedule::r53 @ 97.545,VT_Rate Card_Generic for pricing Only.xlsx,Vic Track,17,313.6842105263158,"same function, normalized unit, same mapped delivery context; highest valid rate retained",Confirmed
100mm PVC drainage pipe up to 1.5m depth | shale,Drainage and Minor Civil Structures,PVC Drainage Line Installation,shale,Pipe Install,m,Provisional Sums,1,VT_Rate Card_Generic for pricing Only.xlsx::Vic Track::r16 @ 236.84210526315792,VT_Rate Card_Generic for pricing Only.xlsx,Vic Track,16,236.8421052631579,single candidate,Confirmed
100mm PVC drainage pipe up to 1.5m depth | soil,Drainage and Minor Civil Structures,PVC Drainage Line Installation,soil,Pipe Install,m,Provisional Sums,1,VT_Rate Card_Generic for pricing Only.xlsx::Vic Track::r15 @ 221.05263157894737,VT_Rate Card_Generic for pricing Only.xlsx,Vic Track,15,221.0526315789474,single candidate,Confirmed
100mm concrete paving,Drainage and Minor Civil Structures,Minor Civil Structure,unspecified,Minor Civils,m2,Provisional Sums,1,VT_Rate Card_Generic for pricing Only.xlsx::Vic Track::r56 @ 328.42105263157896,VT_Rate Card_Generic for pricing Only.xlsx,Vic Track,56,328.421052631579,single candidate,Confirmed
100mm expansion joint,Drainage and Minor Civil Structures,Minor Civil Structure,unspecified,Minor Civils,m,Provisional Sums,1,VT_Rate Card_Generic for pricing Only.xlsx::Vic Track::r58 @ 223.1578947368421,VT_Rate Card_Generic for pricing Only.xlsx,Vic Track,58,223.1578947368421,single candidate,Confirmed
225mm PVC drainage pipe up to 1.5m depth | rock,Drainage and Minor Civil Structures,PVC Drainage Line Installation,rock,Pipe Install,m,Provisional Sums,2,VT_Rate Card_Generic for pricing Only.xlsx::Vic Track::r20 @ 328.42105263157896; Andersons Hill-NSWTA-Decon Costs Draft.xlsx::Variation Cost Schedule::r54 @ 153.055,VT_Rate Card_Generic for pricing Only.xlsx,Vic Track,20,328.421052631579,"same function, normalized unit, same mapped delivery context; highest valid rate retained",Confirmed
225mm PVC drainage pipe up to 1.5m depth | shale,Drainage and Minor Civil Structures,PVC Drainage Line Installation,shale,Pipe Install,m,Provisional Sums,1,VT_Rate Card_Generic for pricing Only.xlsx::Vic Track::r19 @ 252.63157894736844,VT_Rate Card_Generic for pricing Only.xlsx,Vic Track,19,252.6315789473684,single candidate,Confirmed
225mm PVC drainage pipe up to 1.5m depth | soil,Drainage and Minor Civil Structures,PVC Drainage Line Installation,soil,Pipe Install,m,Provisional Sums,1,VT_Rate Card_Generic for pricing Only.xlsx::Vic Track::r18 @ 242.1052631578948,VT_Rate Card_Generic for pricing Only.xlsx,Vic Track,18,242.1052631578948,single candidate,Confirmed
225mm reinforced concrete pipe up to 1.5m depth | rock,Drainage and Minor Civil Structures,Reinforced Concrete Drainage Line Installation,rock,Pipe Install,m,Provisional Sums,2,VT_Rate Card_Generic for pricing Only.xlsx::Vic Track::r24 @ 344.7368421052632; Andersons Hill-NSWTA-Decon Costs Draft.xlsx::Variation Cost Schedule::r55 @ 195.23,VT_Rate Card_Generic for pricing Only.xlsx,Vic Track,24,344.7368421052632,"same function, normalized unit, same mapped delivery context; highest valid rate retained",Confirmed
225mm reinforced concrete pipe up to 1.5m depth | shale,Drainage and Minor Civil Structures,Reinforced Concrete Drainage Line Installation,shale,Pipe Install,m,Provisional Sums,1,VT_Rate Card_Generic for pricing Only.xlsx::Vic Track::r23 @ 282.10526315789474,VT_Rate Card_Generic for pricing Only.xlsx,Vic Track,23,282.1052631578947,single candidate,Confirmed
225mm reinforced concrete pipe up to 1.5m depth | soil,Drainage and Minor Civil Structures,Reinforced Concrete Drainage Line Installation,soil,Pipe Install,m,Provisional Sums,1,VT_Rate Card_Generic for pricing Only.xlsx::Vic Track::r21 @ 268.42105263157896,VT_Rate Card_Generic for pricing Only.xlsx,Vic Track,21,268.421052631579,single candidate,Confirmed
300x300 electrical pit supply,Pits,Pit Works,,Pit Install / Supply,each,Materials,1,AARNet Pricebook.xlsx::AARnet Ratecard::r33 @ 835.0,AARNet Pricebook.xlsx,AARnet Ratecard,33,835,single candidate,Inferred
450x450 electrical pit supply,Pits,Pit Works,,Pit Install / Supply,each,Materials,1,AARNet Pricebook.xlsx::AARnet Ratecard::r28 @ 1230.0,AARNet Pricebook.xlsx,AARnet Ratecard,28,1230,single candidate,Inferred
75mm concrete paving,Drainage and Minor Civil Structures,Minor Civil Structure,unspecified,Minor Civils,m2,Provisional Sums,1,VT_Rate Card_Generic for pricing Only.xlsx::Vic Track::r38 @ 326.3157894736842,VT_Rate Card_Generic for pricing Only.xlsx,Vic Track,38,326.3157894736842,single candidate,Confirmed
75mm hard standing,Pavements and Hardstand,Pavement / Hardstand,,Surface Install,m2,Provisional Sums,1,VT_Rate Card_Generic for pricing Only.xlsx::Vic Track::r40 @ 379.4736842105264,VT_Rate Card_Generic for pricing Only.xlsx,Vic Track,40,379.4736842105264,single candidate,Confirmed
Additional shelter pier volume per m3,Foundations and Support Civils,Foundation / Slab Works,,Foundation or Slab,m3,Provisional Sums,1,NBN quote Master .xlsx::Sheet1::r41 @ 1214.350919896154,NBN quote Master .xlsx,Sheet1,41,1214.350919896154,single candidate,Confirmed
Additional shelter slab volume per m3,Foundations and Support Civils,Foundation / Slab Works,,Foundation or Slab,m3,Provisional Sums,3,NBN quote Master .xlsx::Sheet1::r39 @ 1078.7933806239132; Copy of Hazelwood North Amplitel Construction Quote Book 1 (004) 1.xlsx::ALL SORs::r7 @ 898.994483853261; Copy of Hazelwood North Amplitel Construction Quote Book 1 (004) 1.xlsx::ALL SORs::r7 @ 856.1852227173914,NBN quote Master .xlsx,Sheet1,39,1078.793380623913,"same function, normalized unit, same mapped delivery context; highest valid rate retained",Confirmed
Additional underground pipe in existing trench >25mm,Drainage and Minor Civil Structures,Drainage / Pipe Install,additional-in-existing-trench,Pipe Install,m,Provisional Sums,4,Annexure 3 - GWM Price Response Template - Decon 20240815.xlsx::1 SoRs::r26 @ 20.0; Annexure 3 - GWM Price Response Template - Decon 20240815.xlsx::1 SoRs::r26 @ 20.0; Annexure 3 - GWM Price Response Template - Decon 20240815.xlsx::1 SoRs::r26 @ 20.0; Annexure 3 - GWM Price Response Template - Decon 20240815.xlsx::1 SoRs::r26 @ 20.0,Annexure 3 - GWM Price Response Template - Decon 20240815.xlsx,1 SoRs,26,20,"same function, normalized unit, same mapped delivery context; highest valid rate retained",Confirmed
Asphalt reinstatement,Pavements and Hardstand,Local Reinstatement,asphalt,Local Reinstatement,m2,Provisional Sums,7,VT_Rate Card_Generic for pricing Only.xlsx::Vic Track::r339 @ 435.0877192982456; NBN quote Master .xlsx::Sheet1::r89 @ 163.7056; Copy of Hazelwood North Amplitel Construction Quote Book 1 (004) 1.xlsx::ALL SORs::r92 @ 136.42133333333334; NBN quote Master .xlsx::Sheet1::r88 @ 129.81415384615383; Copy of Hazelwood North Amplitel Construction Quote Book 1 (004) 1.xlsx::ALL SORs::r92 @ 129.6; Copy of Hazelwood North Amplitel Construction Quote Book 1 (004) 1.xlsx::ALL SORs::r91 @ 108.17846153846152; Copy of Hazelwood North Amplitel Construction Quote Book 1 (004) 1.xlsx::ALL SORs::r91 @ 102.76923076923076,VT_Rate Card_Generic for pricing Only.xlsx,Vic Track,339,435.0877192982456,"same function, normalized unit, same mapped delivery context; highest valid rate retained",Confirmed
Blinding layer,Foundations and Support Civils,Foundation / Slab Works,,Foundation or Slab,site,Materials,1,VT_Rate Card_Generic for pricing Only.xlsx::Vic Track::r85 @ 1552.6315789473686,VT_Rate Card_Generic for pricing Only.xlsx,Vic Track,85,1552.631578947369,single candidate,Confirmed
Bored pier and pile cap formwork,Foundations and Support Civils,Foundation / Slab Works,,Foundation or Slab,m2,Provisional Sums,1,VT_Rate Card_Generic for pricing Only.xlsx::Vic Track::r89 @ 1405.2631578947369,VT_Rate Card_Generic for pricing Only.xlsx,Vic Track,89,1405.263157894737,single candidate,Confirmed
Boring | p100 | rock,Earthworks and Reinstatement,Service Route Boring,rock,Boring,m,Provisional Sums,8,Supplier RTQ Pricing Template Kirstie-AO.xlsx::RATE BASED WORKS::r487 @ 1129.8245614035088; VT_Rate Card_Generic for pricing Only.xlsx::Vic Track::r335 @ 982.4561403508771; Supplier RTQ Pricing Template Kirstie-AO.xlsx::RATE BASED WORKS::r480 @ 895.0631578947368; VT_Rate Card_Generic for pricing Only.xlsx::Vic Track::r328 @ 778.3157894736843; Supplier RTQ Pricing Template Kirstie-AO.xlsx::RATE BASED WORKS::r407 @ 536.0902255639098; Supplier RTQ Pricing Template Kirstie-AO.xlsx::RATE BASED WORKS::r352 @ 498.452012383901; VT_Rate Card_Generic for pricing Only.xlsx::Vic Track::r255 @ 466.1654135338346; VT_Rate Card_Generic for pricing Only.xlsx::Vic Track::r200 @ 433.43653250774,Supplier RTQ Pricing Template Kirstie-AO.xlsx,RATE BASED WORKS,487,1129.824561403509,"same function, normalized unit, same mapped delivery context; highest valid rate retained",Confirmed
Boring | p100 | rock,Earthworks and Reinstatement,Service Route Boring,rock,Boring,metre length of bore,Provisional Sums,3,NBN quote Master .xlsx::Sheet1::r97 @ 484.5684; Copy of Hazelwood North Amplitel Construction Quote Book 1 (004) 1.xlsx::ALL SORs::r100 @ 403.807; Copy of Hazelwood North Amplitel Construction Quote Book 1 (004) 1.xlsx::ALL SORs::r100 @ 383.6195,NBN quote Master .xlsx,Sheet1,97,484.5684,"same function, normalized unit, same mapped delivery context; highest valid rate retained",Confirmed
Boring | p100 | unspecified,Earthworks and Reinstatement,Service Route Boring,unspecified,Boring,m,Provisional Sums,8,VT_Rate Card_Generic for pricing Only.xlsx::Vic Track::r334 @ 589.4736842105264; VT_Rate Card_Generic for pricing Only.xlsx::Vic Track::r327 @ 543.8947368421053; VT_Rate Card_Generic for pricing Only.xlsx::Vic Track::r333 @ 533.3333333333334; VT_Rate Card_Generic for pricing Only.xlsx::Vic Track::r326 @ 388.42105263157896; VT_Rate Card_Generic for pricing Only.xlsx::Vic Track::r243 @ 375.9398496240602; VT_Rate Card_Generic for pricing Only.xlsx::Vic Track::r232 @ 255.63909774436087; VT_Rate Card_Generic for pricing Only.xlsx::Vic Track::r189 @ 208.97832817337465; VT_Rate Card_Generic for pricing Only.xlsx::Vic Track::r178 @ 154.79876160990713,VT_Rate Card_Generic for pricing Only.xlsx,Vic Track,334,589.4736842105264,"same function, normalized unit, same mapped delivery context; highest valid rate retained",Confirmed
Boring | p63 | rock,Earthworks and Reinstatement,Service Route Boring,rock,Boring,m,Provisional Sums,4,Supplier RTQ Pricing Template Kirstie-AO.xlsx::RATE BASED WORKS::r474 @ 581.0526315789474; Supplier RTQ Pricing Template Kirstie-AO.xlsx::RATE BASED WORKS::r463 @ 523.4799999999999; VT_Rate Card_Generic for pricing Only.xlsx::Vic Track::r322 @ 505.2631578947369; VT_Rate Card_Generic for pricing Only.xlsx::Vic Track::r311 @ 455.2,Supplier RTQ Pricing Template Kirstie-AO.xlsx,RATE BASED WORKS,474,581.0526315789474,"same function, normalized unit, same mapped delivery context; highest valid rate retained",Confirmed
Boring | p63 | rock,Earthworks and Reinstatement,Service Route Boring,rock,Boring,metre length of bore,Provisional Sums,3,NBN quote Master .xlsx::Sheet1::r96 @ 445.0902; Copy of Hazelwood North Amplitel Construction Quote Book 1 (004) 1.xlsx::ALL SORs::r99 @ 370.9085; Copy of Hazelwood North Amplitel Construction Quote Book 1 (004) 1.xlsx::ALL SORs::r99 @ 352.3645,NBN quote Master .xlsx,Sheet1,96,445.0902,"same function, normalized unit, same mapped delivery context; highest valid rate retained",Confirmed
Boring | p63 | unspecified,Earthworks and Reinstatement,Service Route Boring,unspecified,Boring,m,Provisional Sums,6,VT_Rate Card_Generic for pricing Only.xlsx::Vic Track::r306 @ 360.9022556390978; VT_Rate Card_Generic for pricing Only.xlsx::Vic Track::r319 @ 355.4; VT_Rate Card_Generic for pricing Only.xlsx::Vic Track::r321 @ 336.8421052631579; VT_Rate Card_Generic for pricing Only.xlsx::Vic Track::r295 @ 315.7894736842105; VT_Rate Card_Generic for pricing Only.xlsx::Vic Track::r124 @ 193.49845201238392; VT_Rate Card_Generic for pricing Only.xlsx::Vic Track::r113 @ 123.8390092879257,VT_Rate Card_Generic for pricing Only.xlsx,Vic Track,306,360.9022556390978,"same function, normalized unit, same mapped delivery context; highest valid rate retained",Confirmed
CEV footing and pier construction,Foundations and Support Civils,Foundation / Slab Works,,Foundation or Slab,pier,Provisional Sums,1,AARNet Pricebook.xlsx::AARnet Ratecard::r9 @ 3277.38,AARNet Pricebook.xlsx,AARnet Ratecard,9,3277.38,single candidate,Inferred
Cement stabilised crushed rock,Earthworks and Reinstatement,Earthworks Core,,Earthworks,m3,Materials,2,VT_Rate Card_Generic for pricing Only.xlsx::Vic Track::r55 @ 373.6842105263158; Andersons Hill-NSWTA-Decon Costs Draft.xlsx::Variation Cost Schedule::r47 @ 172.18599999999998,VT_Rate Card_Generic for pricing Only.xlsx,Vic Track,55,373.6842105263158,"same function, normalized unit, same mapped delivery context; highest valid rate retained",Confirmed
Clearing and grubbing,Earthworks and Reinstatement,Earthworks Core,,Earthworks,m2,Provisional Sums,1,AARNet Pricebook.xlsx::AARnet Ratecard::r2 @ 4.94,AARNet Pricebook.xlsx,AARnet Ratecard,2,4.94,single candidate,Confirmed
Clearing vegetation / rubbish / shrub removal,Earthworks and Reinstatement,Earthworks Core,,Earthworks,m3,Provisional Sums,1,VT_Rate Card_Generic for pricing Only.xlsx::Vic Track::r22 @ 231.57894736842107,VT_Rate Card_Generic for pricing Only.xlsx,Vic Track,22,231.5789473684211,single candidate,Confirmed
Compaction,Earthworks and Reinstatement,Earthworks Core,,Earthworks,day,Provisional Sums,2,Andersons Hill-NSWTA-Decon Costs Draft.xlsx::Variation Cost Schedule::r411 @ 1757.49; Andersons Hill-NSWTA-Decon Costs Draft.xlsx::Variation Cost Schedule::r440 @ 715.86,Andersons Hill-NSWTA-Decon Costs Draft.xlsx,Variation Cost Schedule,411,1757.49,"same function, normalized unit, same mapped delivery context; highest valid rate retained",Confirmed
Compaction,Earthworks and Reinstatement,Earthworks Core,,Earthworks,m,Provisional Sums,2,Supplier RTQ Pricing Template Kirstie-AO.xlsx::RATE BASED WORKS::r594 @ 144.96052631578945; Andersons Hill-NSWTA-Decon Costs Draft.xlsx::Variation Cost Schedule::r313 @ 52.5447744546467,Supplier RTQ Pricing Template Kirstie-AO.xlsx,RATE BASED WORKS,594,144.9605263157895,"same function, normalized unit, same mapped delivery context; highest valid rate retained",Confirmed
Compaction,Earthworks and Reinstatement,Earthworks Core,,Earthworks,m2,Provisional Sums,1,VT_Rate Card_Generic for pricing Only.xlsx::Vic Track::r73 @ 226.31578947368425,VT_Rate Card_Generic for pricing Only.xlsx,Vic Track,73,226.3157894736842,single candidate,Confirmed
Compaction,Earthworks and Reinstatement,Earthworks Core,,Earthworks,site,Provisional Sums,1,Andersons Hill-NSWTA-Decon Costs Draft.xlsx::Variation Cost Schedule::r441 @ 1358.0,Andersons Hill-NSWTA-Decon Costs Draft.xlsx,Variation Cost Schedule,441,1358,single candidate,Confirmed
Compound fence relocation,Fencing and Access Control,Fencing and Gates,,Fence / Gate,m,Provisional Sums,1,VT_Rate Card_Generic for pricing Only.xlsx::Vic Track::r67 @ 300.5263157894737,VT_Rate Card_Generic for pricing Only.xlsx,Vic Track,67,300.5263157894737,single candidate,Confirmed
Compound fence removal,Fencing and Access Control,Fencing and Gates,,Fence / Gate,m,Provisional Sums,1,VT_Rate Card_Generic for pricing Only.xlsx::Vic Track::r66 @ 236.84210526315792,VT_Rate Card_Generic for pricing Only.xlsx,Vic Track,66,236.8421052631579,single candidate,Confirmed
Concrete reinstatement,Pavements and Hardstand,Local Reinstatement,concrete,Local Reinstatement,m2,Provisional Sums,2,VT_Rate Card_Generic for pricing Only.xlsx::Vic Track::r340 @ 435.0877192982456; VT_Rate Card_Generic for pricing Only.xlsx::Vic Track::r341 @ 108.359133126935,VT_Rate Card_Generic for pricing Only.xlsx,Vic Track,340,435.0877192982456,"same function, normalized unit, same mapped delivery context; highest valid rate retained",Confirmed
Concrete slab/pad,Foundations and Support Civils,Foundation / Slab Works,,Foundation or Slab,m2,Provisional Sums,1,AARNet Pricebook.xlsx::AARnet Ratecard::r17 @ 698.61,AARNet Pricebook.xlsx,AARnet Ratecard,17,698.61,single candidate,Inferred
Concrete testing pier,Foundations and Support Civils,Foundation / Slab Works,,Foundation or Slab,site,Specialist Subcontract,1,AARNet Pricebook.xlsx::AARnet Ratecard::r16 @ 1560.0,AARNet Pricebook.xlsx,AARnet Ratecard,16,1560,single candidate,Confirmed
Concrete travel time,Foundations and Support Civils,Foundation / Slab Works,,Foundation or Slab,minute,Freight / Haulage,1,AARNet Pricebook.xlsx::AARnet Ratecard::r14 @ 3.96,AARNet Pricebook.xlsx,AARnet Ratecard,14,3.96,single candidate,Confirmed
Constructability attendance,Preliminaries and Controls,Preliminaries and Controls,,Pre-start / Controls,site,Preliminaries,2,Supplier RTQ Pricing Template Kirstie-AO.xlsx::RATE BASED WORKS::r7 @ 1258.95; VT_Rate Card_Generic for pricing Only.xlsx::Vic Track::r5 @ 1094.7368421052631,Supplier RTQ Pricing Template Kirstie-AO.xlsx,RATE BASED WORKS,7,1258.95,"same function, normalized unit, same mapped delivery context; highest valid rate retained",Confirmed
Construction safety report / SWMS,Preliminaries and Controls,Preliminaries and Controls,,Pre-start / Controls,site,Preliminaries,1,Andersons Hill-NSWTA-Decon Costs Draft.xlsx::Variation Cost Schedule::r9 @ 1178.4831116896448,Andersons Hill-NSWTA-Decon Costs Draft.xlsx,Variation Cost Schedule,9,1178.483111689645,single candidate,Confirmed
Crushed rock base,Earthworks and Reinstatement,Earthworks Core,,Earthworks,m3,Materials,2,VT_Rate Card_Generic for pricing Only.xlsx::Vic Track::r54 @ 310.6842105263158; Andersons Hill-NSWTA-Decon Costs Draft.xlsx::Variation Cost Schedule::r46 @ 160.32443871848596,VT_Rate Card_Generic for pricing Only.xlsx,Vic Track,54,310.6842105263158,"same function, normalized unit, same mapped delivery context; highest valid rate retained",Confirmed
Dilapidation surveys,Preliminaries and Controls,Preliminaries and Controls,,Pre-start / Controls,site,Preliminaries,1,VT_Rate Card_Generic for pricing Only.xlsx::Vic Track::r8 @ 4000.0,VT_Rate Card_Generic for pricing Only.xlsx,Vic Track,8,4000,single candidate,Confirmed
Double gate barb top 32 NB,Fencing and Access Control,Fencing and Gates,,Fence / Gate,each,Provisional Sums,1,AARNet Pricebook.xlsx::AARnet Ratecard::r72 @ 1800.0,AARNet Pricebook.xlsx,AARnet Ratecard,72,1800,single candidate,Confirmed
Double vehicular crossing | rock,Drainage and Minor Civil Structures,Minor Civil Structure,rock,Minor Civils,each,Provisional Sums,2,Supplier RTQ Pricing Template Kirstie-AO.xlsx::RATE BASED WORKS::r80 @ 10865.563157894738; VT_Rate Card_Generic for pricing Only.xlsx::Vic Track::r37 @ 9448.315789473683,Supplier RTQ Pricing Template Kirstie-AO.xlsx,RATE BASED WORKS,80,10865.56315789474,"same function, normalized unit, same mapped delivery context; highest valid rate retained",Confirmed
Double vehicular crossing | shale,Drainage and Minor Civil Structures,Minor Civil Structure,shale,Minor Civils,each,Provisional Sums,2,Supplier RTQ Pricing Template Kirstie-AO.xlsx::RATE BASED WORKS::r79 @ 8068.4; VT_Rate Card_Generic for pricing Only.xlsx::Vic Track::r36 @ 7016.0,Supplier RTQ Pricing Template Kirstie-AO.xlsx,RATE BASED WORKS,79,8068.4,"same function, normalized unit, same mapped delivery context; highest valid rate retained",Confirmed
Double vehicular crossing | soil,Drainage and Minor Civil Structures,Minor Civil Structure,soil,Minor Civils,each,Provisional Sums,2,Supplier RTQ Pricing Template Kirstie-AO.xlsx::RATE BASED WORKS::r78 @ 7713.473684210526; VT_Rate Card_Generic for pricing Only.xlsx::Vic Track::r35 @ 6707.368421052632,Supplier RTQ Pricing Template Kirstie-AO.xlsx,RATE BASED WORKS,78,7713.473684210526,"same function, normalized unit, same mapped delivery context; highest valid rate retained",Confirmed
Drill pier holes and install cages,Foundations and Support Civils,Foundation / Slab Works,,Foundation or Slab,pier,Provisional Sums,1,AARNet Pricebook.xlsx::AARnet Ratecard::r12 @ 1116.25,AARNet Pricebook.xlsx,AARnet Ratecard,12,1116.25,single candidate,Inferred
Driveway labour,Pavements and Hardstand,Pavement / Hardstand,,Surface Install,site,Labour,1,AARNet Pricebook.xlsx::AARnet Ratecard::r45 @ 78.83,AARNet Pricebook.xlsx,AARnet Ratecard,45,78.83,single candidate,Inferred
Driveway topping crossover,Pavements and Hardstand,Pavement / Hardstand,,Surface Install,m2,Provisional Sums,1,AARNet Pricebook.xlsx::AARnet Ratecard::r39 @ 36.1,AARNet Pricebook.xlsx,AARnet Ratecard,39,36.1,single candidate,Inferred
Dust control,Environmental and Traffic Overlays,Environmental / Traffic Overlay,,Overlay,day,Overlays,1,VT_Rate Card_Generic for pricing Only.xlsx::Vic Track::r79 @ 3026.315789473684,VT_Rate Card_Generic for pricing Only.xlsx,Vic Track,79,3026.315789473684,single candidate,Confirmed
Ecological inspection,Preliminaries and Controls,Preliminaries and Controls,,Pre-start / Controls,site,Preliminaries,2,Supplier RTQ Pricing Template Kirstie-AO.xlsx::RATE BASED WORKS::r9 @ 3873.684210526316; VT_Rate Card_Generic for pricing Only.xlsx::Vic Track::r7 @ 3368.421052631579,Supplier RTQ Pricing Template Kirstie-AO.xlsx,RATE BASED WORKS,9,3873.684210526316,"same function, normalized unit, same mapped delivery context; highest valid rate retained",Confirmed
Engineer sign-off pier,Foundations and Support Civils,Foundation / Slab Works,,Foundation or Slab,pier,Specialist Subcontract,1,AARNet Pricebook.xlsx::AARnet Ratecard::r15 @ 1100.0,AARNet Pricebook.xlsx,AARnet Ratecard,15,1100,single candidate,Confirmed
Engineering final inspection,Preliminaries and Controls,Preliminaries and Controls,,Pre-start / Controls,site,Preliminaries,1,VT_Rate Card_Generic for pricing Only.xlsx::Vic Track::r3 @ 5052.631578947368,VT_Rate Card_Generic for pricing Only.xlsx,Vic Track,3,5052.631578947368,single candidate,Confirmed
Excavation and removal of rock,Earthworks and Reinstatement,Earthworks Core,,Earthworks,m3,Provisional Sums,2,Andersons Hill-NSWTA-Decon Costs Draft.xlsx::Variation Cost Schedule::r26 @ 366.062502811938; VT_Rate Card_Generic for pricing Only.xlsx::Vic Track::r63 @ 217.1052631578948,Andersons Hill-NSWTA-Decon Costs Draft.xlsx,Variation Cost Schedule,26,366.062502811938,"same function, normalized unit, same mapped delivery context; highest valid rate retained",Confirmed
Excavation and removal of soil offsite,Earthworks and Reinstatement,Earthworks Core,,Earthworks,m3,Disposal,1,Supplier RTQ Pricing Template Kirstie-AO.xlsx::RATE BASED WORKS::r57 @ 305.26,Supplier RTQ Pricing Template Kirstie-AO.xlsx,RATE BASED WORKS,57,305.26,single candidate,Confirmed
Expansion joint to concrete paving,Drainage and Minor Civil Structures,Minor Civil Structure,unspecified,Minor Civils,m,Provisional Sums,1,VT_Rate Card_Generic for pricing Only.xlsx::Vic Track::r39 @ 257.89473684210526,VT_Rate Card_Generic for pricing Only.xlsx,Vic Track,39,257.8947368421053,single candidate,Confirmed
Fix holding down bolts,Foundations and Support Civils,Foundation / Slab Works,,Foundation or Slab,each,Provisional Sums,2,Supplier RTQ Pricing Template Kirstie-AO.xlsx::RATE BASED WORKS::r130 @ 1162.1052631578948; VT_Rate Card_Generic for pricing Only.xlsx::Vic Track::r88 @ 1010.5263157894738,Supplier RTQ Pricing Template Kirstie-AO.xlsx,RATE BASED WORKS,130,1162.105263157895,"same function, normalized unit, same mapped delivery context; highest valid rate retained",Confirmed
Foundation materials formtube/grout/anchors,Foundations and Support Civils,Foundation / Slab Works,,Foundation or Slab,pier,Materials,1,AARNet Pricebook.xlsx::AARnet Ratecard::r10 @ 236.88,AARNet Pricebook.xlsx,AARnet Ratecard,10,236.88,single candidate,Confirmed
Generic pit civils,Pits,Pit Works,,Pit Install / Supply,each,Provisional Sums,17,VT_Rate Card_Generic for pricing Only.xlsx::Vic Track::r363 @ 5420.0; VT_Rate Card_Generic for pricing Only.xlsx::Vic Track::r369 @ 4210.526315789474; VT_Rate Card_Generic for pricing Only.xlsx::Vic Track::r361 @ 4210.526315789474; VT_Rate Card_Generic for pricing Only.xlsx::Vic Track::r360 @ 4210.526315789474; VT_Rate Card_Generic for pricing Only.xlsx::Vic Track::r362 @ 4210.526315789474; VT_Rate Card_Generic for pricing Only.xlsx::Vic Track::r370 @ 4210.526315789474; VT_Rate Card_Generic for pricing Only.xlsx::Vic Track::r368 @ 3388.792569659443; VT_Rate Card_Generic for pricing Only.xlsx::Vic Track::r359 @ 3363.684210526316; VT_Rate Card_Generic for pricing Only.xlsx::Vic Track::r367 @ 2600.944272445821; VT_Rate Card_Generic for pricing Only.xlsx::Vic Track::r358 @ 2600.944272445821; VT_Rate Card_Generic for pricing Only.xlsx::Vic Track::r366 @ 2409.5356037151705; VT_Rate Card_Generic for pricing Only.xlsx::Vic Track::r357 @ 2106.315789473684; VT_Rate Card_Generic for pricing Only.xlsx::Vic Track::r298 @ 1842.1052631578948; VT_Rate Card_Generic for pricing Only.xlsx::Vic Track::r488 @ 1705.882352941179; VT_Rate Card_Generic for pricing Only.xlsx::Vic Track::r297 @ 1684.2105263157896; VT_Rate Card_Generic for pricing Only.xlsx::Vic Track::r365 @ 1483.2817337461302; VT_Rate Card_Generic for pricing Only.xlsx::Vic Track::r356 @ 949.4736842105264,VT_Rate Card_Generic for pricing Only.xlsx,Vic Track,363,5420,"same function, normalized unit, same mapped delivery context; highest valid rate retained",Inferred
Gravel supply and place,Earthworks and Reinstatement,Earthworks Core,,Earthworks,m2,Materials,4,Supplier RTQ Pricing Template Kirstie-AO.xlsx::RATE BASED WORKS::r104 @ 321.69736842105266; VT_Rate Card_Generic for pricing Only.xlsx::Vic Track::r62 @ 279.7368421052632; AARNet Pricebook.xlsx::AARnet Ratecard::r40 @ 113.0; Andersons Hill-NSWTA-Decon Costs Draft.xlsx::Variation Cost Schedule::r77 @ 33.81176410915703,Supplier RTQ Pricing Template Kirstie-AO.xlsx,RATE BASED WORKS,104,321.6973684210527,"same function, normalized unit, same mapped delivery context; highest valid rate retained",Inferred
Hardstand layer install,Pavements and Hardstand,Pavement / Hardstand,,Surface Install,m2,Provisional Sums,1,Supplier RTQ Pricing Template Kirstie-AO.xlsx::RATE BASED WORKS::r83 @ 436.39473684210526,Supplier RTQ Pricing Template Kirstie-AO.xlsx,RATE BASED WORKS,83,436.3947368421053,single candidate,Confirmed
Hay bale barriers,Environmental and Traffic Overlays,Environmental / Traffic Overlay,,Overlay,each,Overlays,1,VT_Rate Card_Generic for pricing Only.xlsx::Vic Track::r78 @ 134.73684210526315,VT_Rate Card_Generic for pricing Only.xlsx,Vic Track,78,134.7368421052632,single candidate,Confirmed
J8 concrete pit supply,Pits,Pit Works,,Pit Install / Supply,each,Materials,1,AARNet Pricebook.xlsx::AARnet Ratecard::r31 @ 1326.67,AARNet Pricebook.xlsx,AARnet Ratecard,31,1326.67,single candidate,Inferred
Labour (site preparation),Preliminaries and Controls,Site preparation labour,,Labour,site,Labour,1,AARNet Pricebook.xlsx::AARnet Ratecard::r5 @ 4860.0,AARNet Pricebook.xlsx,AARnet Ratecard,5,4860,single candidate,Inferred
Layback kerb | rock,Drainage and Minor Civil Structures,Minor Civil Structure,rock,Minor Civils,m,Provisional Sums,1,VT_Rate Card_Generic for pricing Only.xlsx::Vic Track::r30 @ 332.10526315789474,VT_Rate Card_Generic for pricing Only.xlsx,Vic Track,30,332.1052631578947,single candidate,Confirmed
Layback kerb | shale,Drainage and Minor Civil Structures,Minor Civil Structure,shale,Minor Civils,m,Provisional Sums,1,VT_Rate Card_Generic for pricing Only.xlsx::Vic Track::r29 @ 288.42105263157896,VT_Rate Card_Generic for pricing Only.xlsx,Vic Track,29,288.421052631579,single candidate,Confirmed
Layback kerb | soil,Drainage and Minor Civil Structures,Minor Civil Structure,soil,Minor Civils,m,Provisional Sums,1,VT_Rate Card_Generic for pricing Only.xlsx::Vic Track::r28 @ 262.4736842105263,VT_Rate Card_Generic for pricing Only.xlsx,Vic Track,28,262.4736842105263,single candidate,Confirmed
Mass concrete in footings,Foundations and Support Civils,Foundation / Slab Works,,Foundation or Slab,m3,Provisional Sums,1,VT_Rate Card_Generic for pricing Only.xlsx::Vic Track::r93 @ 2085.157894736842,VT_Rate Card_Generic for pricing Only.xlsx,Vic Track,93,2085.157894736842,single candidate,Confirmed
ODU plinth,Foundations and Support Civils,Foundation / Slab Works,,Foundation or Slab,each,Provisional Sums,2,Supplier RTQ Pricing Template Kirstie-AO.xlsx::RATE BASED WORKS::r557 @ 2191.052631578947; VT_Rate Card_Generic for pricing Only.xlsx::Vic Track::r388 @ 1905.2631578947369,Supplier RTQ Pricing Template Kirstie-AO.xlsx,RATE BASED WORKS,557,2191.052631578947,"same function, normalized unit, same mapped delivery context; highest valid rate retained",Inferred
ODU plinth,Foundations and Support Civils,Foundation / Slab Works,,Foundation or Slab,site,Provisional Sums,4,Supplier RTQ Pricing Template Kirstie-AO.xlsx::RATE BASED WORKS::r580 @ 5175.0; Supplier RTQ Pricing Template Kirstie-AO.xlsx::RATE BASED WORKS::r576 @ 4575.789473684211; VT_Rate Card_Generic for pricing Only.xlsx::Vic Track::r400 @ 4500.0; VT_Rate Card_Generic for pricing Only.xlsx::Vic Track::r396 @ 3978.947368421053,Supplier RTQ Pricing Template Kirstie-AO.xlsx,RATE BASED WORKS,580,5175,"same function, normalized unit, same mapped delivery context; highest valid rate retained",Inferred
Onsite toilet,Preliminaries and Controls,Preliminaries and Controls,,Pre-start / Controls,site,Preliminaries,1,AARNet Pricebook.xlsx::AARnet Ratecard::r6 @ 2240.0,AARNet Pricebook.xlsx,AARnet Ratecard,6,2240,single candidate,Confirmed
P2 pit gasket lid,Pits,Pit Works,,Pit Install / Supply,each,Materials,1,AARNet Pricebook.xlsx::AARnet Ratecard::r24 @ 232.0,AARNet Pricebook.xlsx,AARnet Ratecard,24,232,single candidate,Inferred
Personnel gate install,Fencing and Access Control,Fencing and Gates,,Fence / Gate,each,Provisional Sums,1,VT_Rate Card_Generic for pricing Only.xlsx::Vic Track::r64 @ 3460.0,VT_Rate Card_Generic for pricing Only.xlsx,Vic Track,64,3460,single candidate,Confirmed
Pier concrete supply,Foundations and Support Civils,Foundation / Slab Works,,Foundation or Slab,m3,Materials,1,AARNet Pricebook.xlsx::AARnet Ratecard::r13 @ 214.09,AARNet Pricebook.xlsx,AARnet Ratecard,13,214.09,single candidate,Confirmed
Pier extension footing to direct embedded pole,Foundations and Support Civils,Foundation / Slab Works,,Foundation or Slab,m3,Provisional Sums,3,NBN quote Master .xlsx::Sheet1::r49 @ 1875.0577005405007; Copy of Hazelwood North Amplitel Construction Quote Book 1 (004) 1.xlsx::ALL SORs::r17 @ 1562.5480837837506; Copy of Hazelwood North Amplitel Construction Quote Book 1 (004) 1.xlsx::ALL SORs::r17 @ 1562.5480837837506,NBN quote Master .xlsx,Sheet1,49,1875.057700540501,"same function, normalized unit, same mapped delivery context; highest valid rate retained",Confirmed
Pipe and sand bedding | unknown | rock,Drainage and Minor Civil Structures,Drainage / Pipe Install,rock,Pipe Install,m,Provisional Sums,4,Supplier RTQ Pricing Template Kirstie-AO.xlsx::RATE BASED WORKS::r67 @ 396.4473684210526; Supplier RTQ Pricing Template Kirstie-AO.xlsx::RATE BASED WORKS::r63 @ 377.6842105263158; Supplier RTQ Pricing Template Kirstie-AO.xlsx::RATE BASED WORKS::r60 @ 360.7368421052631; Andersons Hill-NSWTA-Decon Costs Draft.xlsx::Variation Cost Schedule::r56 @ 230.65,Supplier RTQ Pricing Template Kirstie-AO.xlsx,RATE BASED WORKS,67,396.4473684210526,"same function, normalized unit, same mapped delivery context; highest valid rate retained",Inferred
Pipe and sand bedding | unknown | shale,Drainage and Minor Civil Structures,Drainage / Pipe Install,shale,Pipe Install,m,Provisional Sums,3,Supplier RTQ Pricing Template Kirstie-AO.xlsx::RATE BASED WORKS::r66 @ 324.4210526315789; Supplier RTQ Pricing Template Kirstie-AO.xlsx::RATE BASED WORKS::r62 @ 290.5263157894737; Supplier RTQ Pricing Template Kirstie-AO.xlsx::RATE BASED WORKS::r59 @ 272.3684210526316,Supplier RTQ Pricing Template Kirstie-AO.xlsx,RATE BASED WORKS,66,324.4210526315789,"same function, normalized unit, same mapped delivery context; highest valid rate retained",Inferred
Pipe and sand bedding | unknown | soil,Drainage and Minor Civil Structures,Drainage / Pipe Install,soil,Pipe Install,m,Provisional Sums,3,Supplier RTQ Pricing Template Kirstie-AO.xlsx::RATE BASED WORKS::r64 @ 308.6842105263158; Supplier RTQ Pricing Template Kirstie-AO.xlsx::RATE BASED WORKS::r61 @ 278.4210526315789; Supplier RTQ Pricing Template Kirstie-AO.xlsx::RATE BASED WORKS::r58 @ 254.21052631578945,Supplier RTQ Pricing Template Kirstie-AO.xlsx,RATE BASED WORKS,64,308.6842105263158,"same function, normalized unit, same mapped delivery context; highest valid rate retained",Inferred
Pit install in already excavated trench | p2,Pits,Pit Install in Trench,in-trench,Pit Install,each,Provisional Sums,3,NBN quote Master .xlsx::Sheet1::r73 @ 320.496; Copy of Hazelwood North Amplitel Construction Quote Book 1 (004) 1.xlsx::ALL SORs::r76 @ 267.08; Copy of Hazelwood North Amplitel Construction Quote Book 1 (004) 1.xlsx::ALL SORs::r76 @ 267.08,NBN quote Master .xlsx,Sheet1,73,320.496,"same function, normalized unit, same mapped delivery context; highest valid rate retained",Confirmed
Pit install in already excavated trench | p5,Pits,Pit Install in Trench,in-trench,Pit Install,each,Provisional Sums,3,NBN quote Master .xlsx::Sheet1::r75 @ 526.9535999999999; Copy of Hazelwood North Amplitel Construction Quote Book 1 (004) 1.xlsx::ALL SORs::r78 @ 439.128; Copy of Hazelwood North Amplitel Construction Quote Book 1 (004) 1.xlsx::ALL SORs::r78 @ 417.16800000000006,NBN quote Master .xlsx,Sheet1,75,526.9535999999999,"same function, normalized unit, same mapped delivery context; highest valid rate retained",Confirmed
Pit install in already excavated trench | p6,Pits,Pit Install in Trench,in-trench,Pit Install,each,Provisional Sums,6,NBN quote Master .xlsx::Sheet1::r78 @ 1515.8472; NBN quote Master .xlsx::Sheet1::r77 @ 1417.2672; Copy of Hazelwood North Amplitel Construction Quote Book 1 (004) 1.xlsx::ALL SORs::r81 @ 1263.206; Copy of Hazelwood North Amplitel Construction Quote Book 1 (004) 1.xlsx::ALL SORs::r81 @ 1200.0449999999998; Copy of Hazelwood North Amplitel Construction Quote Book 1 (004) 1.xlsx::ALL SORs::r80 @ 1181.056; Copy of Hazelwood North Amplitel Construction Quote Book 1 (004) 1.xlsx::ALL SORs::r80 @ 1122.0,NBN quote Master .xlsx,Sheet1,78,1515.8472,"same function, normalized unit, same mapped delivery context; highest valid rate retained",Confirmed
Pit lid supply/replace,Pits,Pit Works,,Pit Install / Supply,each,Materials,4,VT_Rate Card_Generic for pricing Only.xlsx::Vic Track::r378 @ 473.68421052631584; VT_Rate Card_Generic for pricing Only.xlsx::Vic Track::r376 @ 152.63157894736844; VT_Rate Card_Generic for pricing Only.xlsx::Vic Track::r377 @ 67.36842105263158; VT_Rate Card_Generic for pricing Only.xlsx::Vic Track::r374 @ 47.36842105263158,VT_Rate Card_Generic for pricing Only.xlsx,Vic Track,378,473.6842105263158,"same function, normalized unit, same mapped delivery context; highest valid rate retained",Confirmed
Pit over existing plant | p2,Pits,Pit over Existing Plant,over-existing,Pit Install,each,Provisional Sums,3,NBN quote Master .xlsx::Sheet1::r74 @ 421.308; Copy of Hazelwood North Amplitel Construction Quote Book 1 (004) 1.xlsx::ALL SORs::r77 @ 351.09; Copy of Hazelwood North Amplitel Construction Quote Book 1 (004) 1.xlsx::ALL SORs::r77 @ 333.54,NBN quote Master .xlsx,Sheet1,74,421.308,"same function, normalized unit, same mapped delivery context; highest valid rate retained",Confirmed
Pit over existing plant | p5,Pits,Pit over Existing Plant,over-existing,Pit Install,each,Provisional Sums,3,NBN quote Master .xlsx::Sheet1::r76 @ 749.808; Copy of Hazelwood North Amplitel Construction Quote Book 1 (004) 1.xlsx::ALL SORs::r79 @ 624.84; Copy of Hazelwood North Amplitel Construction Quote Book 1 (004) 1.xlsx::ALL SORs::r79 @ 593.6,NBN quote Master .xlsx,Sheet1,76,749.808,"same function, normalized unit, same mapped delivery context; highest valid rate retained",Confirmed
Pit over existing plant | p6,Pits,Pit over Existing Plant,over-existing,Pit Install,each,Provisional Sums,6,NBN quote Master .xlsx::Sheet1::r80 @ 1735.6164; NBN quote Master .xlsx::Sheet1::r79 @ 1703.844; Copy of Hazelwood North Amplitel Construction Quote Book 1 (004) 1.xlsx::ALL SORs::r83 @ 1446.347; Copy of Hazelwood North Amplitel Construction Quote Book 1 (004) 1.xlsx::ALL SORs::r82 @ 1419.87; Copy of Hazelwood North Amplitel Construction Quote Book 1 (004) 1.xlsx::ALL SORs::r83 @ 1374.03; Copy of Hazelwood North Amplitel Construction Quote Book 1 (004) 1.xlsx::ALL SORs::r82 @ 1348.8750000000002,NBN quote Master .xlsx,Sheet1,80,1735.6164,"same function, normalized unit, same mapped delivery context; highest valid rate retained",Confirmed
Plant (site preparation),Preliminaries and Controls,Site preparation plant,,Plant,site,Plant,1,AARNet Pricebook.xlsx::AARnet Ratecard::r8 @ 4690.0,AARNet Pricebook.xlsx,AARnet Ratecard,8,4690,single candidate,Inferred
Power viability audit,Preliminaries and Controls,Preliminaries and Controls,,Pre-start / Controls,site,Preliminaries,1,VT_Rate Card_Generic for pricing Only.xlsx::Vic Track::r11 @ 4000.0,VT_Rate Card_Generic for pricing Only.xlsx,Vic Track,11,4000,single candidate,Confirmed
Preliminary construction survey,Preliminaries and Controls,Preliminaries and Controls,,Pre-start / Controls,site,Preliminaries,1,Andersons Hill-NSWTA-Decon Costs Draft.xlsx::Variation Cost Schedule::r11 @ 1050.0,Andersons Hill-NSWTA-Decon Costs Draft.xlsx,Variation Cost Schedule,11,1050,single candidate,Confirmed
Proof roll subgrade,Earthworks and Reinstatement,Earthworks Core,,Earthworks,m2,Provisional Sums,1,Andersons Hill-NSWTA-Decon Costs Draft.xlsx::Variation Cost Schedule::r28 @ 33.81176410915703,Andersons Hill-NSWTA-Decon Costs Draft.xlsx,Variation Cost Schedule,28,33.81176410915703,single candidate,Confirmed
Protection posts,Fencing and Access Control,Fencing and Gates,,Fence / Gate,each,Provisional Sums,1,VT_Rate Card_Generic for pricing Only.xlsx::Vic Track::r380 @ 789.4736842105264,VT_Rate Card_Generic for pricing Only.xlsx,Vic Track,380,789.4736842105264,single candidate,Confirmed
Reinforced concrete cover replacement,Pits,Pit Works,,Pit Install / Supply,each,Materials,3,NBN quote Master .xlsx::Sheet1::r99 @ 161.07; Copy of Hazelwood North Amplitel Construction Quote Book 1 (004) 1.xlsx::ALL SORs::r102 @ 134.225; Copy of Hazelwood North Amplitel Construction Quote Book 1 (004) 1.xlsx::ALL SORs::r102 @ 127.512,NBN quote Master .xlsx,Sheet1,99,161.07,"same function, normalized unit, same mapped delivery context; highest valid rate retained",Confirmed
Remove existing soil and green waste,Earthworks and Reinstatement,Earthworks Core,,Earthworks,m3,Disposal,1,AARNet Pricebook.xlsx::AARnet Ratecard::r3 @ 65.65,AARNet Pricebook.xlsx,AARnet Ratecard,3,65.65,single candidate,Confirmed
Reo cage steelwork,Foundations and Support Civils,Foundation / Slab Works,,Foundation or Slab,pier,Materials,1,AARNet Pricebook.xlsx::AARnet Ratecard::r11 @ 334.38,AARNet Pricebook.xlsx,AARnet Ratecard,11,334.38,single candidate,Confirmed
Retaining wall 200mm blockwork,Drainage and Minor Civil Structures,Minor Civil Structure,unspecified,Minor Civils,m,Provisional Sums,1,VT_Rate Card_Generic for pricing Only.xlsx::Vic Track::r41 @ 282.89473684210526,VT_Rate Card_Generic for pricing Only.xlsx,Vic Track,41,282.8947368421053,single candidate,Confirmed
Retaining wall concrete 200-1000,Drainage and Minor Civil Structures,Minor Civil Structure,rock,Minor Civils,m,Provisional Sums,1,VT_Rate Card_Generic for pricing Only.xlsx::Vic Track::r43 @ 416.6315789473685,VT_Rate Card_Generic for pricing Only.xlsx,Vic Track,43,416.6315789473685,single candidate,Confirmed
Retaining wall concrete 200-1000,Drainage and Minor Civil Structures,Minor Civil Structure,soil,Minor Civils,m,Provisional Sums,1,VT_Rate Card_Generic for pricing Only.xlsx::Vic Track::r42 @ 347.3684210526316,VT_Rate Card_Generic for pricing Only.xlsx,Vic Track,42,347.3684210526316,single candidate,Confirmed
Retaining wall concrete >1000,Drainage and Minor Civil Structures,Minor Civil Structure,rock,Minor Civils,m,Provisional Sums,3,VT_Rate Card_Generic for pricing Only.xlsx::Vic Track::r49 @ 525.0; VT_Rate Card_Generic for pricing Only.xlsx::Vic Track::r48 @ 494.7368421052632; VT_Rate Card_Generic for pricing Only.xlsx::Vic Track::r47 @ 457.89473684210526,VT_Rate Card_Generic for pricing Only.xlsx,Vic Track,49,525,"same function, normalized unit, same mapped delivery context; highest valid rate retained",Confirmed
Retaining wall timber 200-1000,Drainage and Minor Civil Structures,Minor Civil Structure,rock,Minor Civils,m,Provisional Sums,3,VT_Rate Card_Generic for pricing Only.xlsx::Vic Track::r46 @ 447.3684210526316; VT_Rate Card_Generic for pricing Only.xlsx::Vic Track::r45 @ 418.42105263157896; VT_Rate Card_Generic for pricing Only.xlsx::Vic Track::r44 @ 373.6842105263158,VT_Rate Card_Generic for pricing Only.xlsx,Vic Track,46,447.3684210526316,"same function, normalized unit, same mapped delivery context; highest valid rate retained",Confirmed
Retaining wall timber >1000,Drainage and Minor Civil Structures,Minor Civil Structure,rock,Minor Civils,m,Provisional Sums,3,VT_Rate Card_Generic for pricing Only.xlsx::Vic Track::r52 @ 556.421052631579; VT_Rate Card_Generic for pricing Only.xlsx::Vic Track::r51 @ 516.3157894736843; VT_Rate Card_Generic for pricing Only.xlsx::Vic Track::r50 @ 493.00000000000006,VT_Rate Card_Generic for pricing Only.xlsx,Vic Track,52,556.421052631579,"same function, normalized unit, same mapped delivery context; highest valid rate retained",Confirmed
Rock disposal only,Earthworks and Reinstatement,Earthworks Core,,Earthworks,m3,Disposal,1,Andersons Hill-NSWTA-Decon Costs Draft.xlsx::Variation Cost Schedule::r27 @ 100.875612911846,Andersons Hill-NSWTA-Decon Costs Draft.xlsx,Variation Cost Schedule,27,100.875612911846,single candidate,Confirmed
Rooftop plinth footings,Foundations and Support Civils,Foundation / Slab Works,,Foundation or Slab,4 plinths,Provisional Sums,3,NBN quote Master .xlsx::Sheet1::r43 @ 3887.3759746311007; Copy of Hazelwood North Amplitel Construction Quote Book 1 (004) 1.xlsx::ALL SORs::r11 @ 3239.479978859251; Copy of Hazelwood North Amplitel Construction Quote Book 1 (004) 1.xlsx::ALL SORs::r11 @ 3239.479978859251,NBN quote Master .xlsx,Sheet1,43,3887.375974631101,"same function, normalized unit, same mapped delivery context; highest valid rate retained",Confirmed
Rubble trap / mud grid,Environmental and Traffic Overlays,Environmental / Traffic Overlay,,Overlay,site,Overlays,1,VT_Rate Card_Generic for pricing Only.xlsx::Vic Track::r80 @ 3628.947368421053,VT_Rate Card_Generic for pricing Only.xlsx,Vic Track,80,3628.947368421053,single candidate,Confirmed
Sand blinding,Earthworks and Reinstatement,Earthworks Core,,Earthworks,m2,Materials,1,VT_Rate Card_Generic for pricing Only.xlsx::Vic Track::r57 @ 208.94736842105263,VT_Rate Card_Generic for pricing Only.xlsx,Vic Track,57,208.9473684210526,single candidate,Confirmed
Sediment fence,Environmental and Traffic Overlays,Environmental / Traffic Overlay,,Overlay,m,Overlays,4,Supplier RTQ Pricing Template Kirstie-AO.xlsx::RATE BASED WORKS::r119 @ 239.68421052631572; VT_Rate Card_Generic for pricing Only.xlsx::Vic Track::r77 @ 208.42105263157896; Supplier RTQ Pricing Template Kirstie-AO.xlsx::RATE BASED WORKS::r117 @ 139.21052631578945; VT_Rate Card_Generic for pricing Only.xlsx::Vic Track::r75 @ 121.05263157894736,Supplier RTQ Pricing Template Kirstie-AO.xlsx,RATE BASED WORKS,119,239.6842105263157,"same function, normalized unit, same mapped delivery context; highest valid rate retained",Confirmed
Service location services | hr,Proving and Brownfield Controls,Service Proving,,Proving / Locate,hr,Specialist Subcontract,2,VT_Rate Card_Generic for pricing Only.xlsx::Vic Track::r187 @ 378.9473684210527; VT_Rate Card_Generic for pricing Only.xlsx::Vic Track::r190 @ 208.97832817337465,VT_Rate Card_Generic for pricing Only.xlsx,Vic Track,187,378.9473684210527,"same function, normalized unit, same mapped delivery context; highest valid rate retained",Confirmed
Service location services | l,Proving and Brownfield Controls,Service Proving,,Proving / Locate,l,Specialist Subcontract,1,VT_Rate Card_Generic for pricing Only.xlsx::Vic Track::r192 @ 3.789473684210527,VT_Rate Card_Generic for pricing Only.xlsx,Vic Track,192,3.789473684210527,single candidate,Inferred
Service location services | per day,Proving and Brownfield Controls,Service Proving,,Proving / Locate,day,Specialist Subcontract,2,VT_Rate Card_Generic for pricing Only.xlsx::Vic Track::r191 @ 3098.947368421053; VT_Rate Card_Generic for pricing Only.xlsx::Vic Track::r188 @ 3031.5789473684213,VT_Rate Card_Generic for pricing Only.xlsx,Vic Track,191,3098.947368421053,"same function, normalized unit, same mapped delivery context; highest valid rate retained",Inferred
Service location services | site,Proving and Brownfield Controls,Service Proving,,Proving / Locate,site,Specialist Subcontract,1,AARNet Pricebook.xlsx::AARnet Ratecard::r7 @ 1320.0,AARNet Pricebook.xlsx,AARnet Ratecard,7,1320,single candidate,Confirmed
Shelter foundation 2 strip footings,Foundations and Support Civils,Foundation / Slab Works,,Foundation or Slab,2 footings,Provisional Sums,3,NBN quote Master .xlsx::Sheet1::r42 @ 5764.00027619348; Copy of Hazelwood North Amplitel Construction Quote Book 1 (004) 1.xlsx::ALL SORs::r10 @ 4803.333563494567; Copy of Hazelwood North Amplitel Construction Quote Book 1 (004) 1.xlsx::ALL SORs::r10 @ 4574.603393804348,NBN quote Master .xlsx,Sheet1,42,5764.00027619348,"same function, normalized unit, same mapped delivery context; highest valid rate retained",Confirmed
Shelter foundation 4 concrete pier footings up to 2.0m3,Foundations and Support Civils,Foundation / Slab Works,,Foundation or Slab,each,Provisional Sums,1,NBN quote Master .xlsx::Sheet1::r40 @ 4319.603670346651,NBN quote Master .xlsx,Sheet1,40,4319.603670346651,single candidate,Confirmed
Shelter foundation slab up to 2.8m3,Foundations and Support Civils,Foundation / Slab Works,,Foundation or Slab,each,Provisional Sums,1,NBN quote Master .xlsx::Sheet1::r38 @ 6405.549918668855,NBN quote Master .xlsx,Sheet1,38,6405.549918668855,single candidate,Confirmed
Shoring of excavations,Earthworks and Reinstatement,Earthworks Core,,Earthworks,m,Provisional Sums,2,Andersons Hill-NSWTA-Decon Costs Draft.xlsx::Variation Cost Schedule::r30 @ 110.99; Andersons Hill-NSWTA-Decon Costs Draft.xlsx::Variation Cost Schedule::r29 @ 45.409,Andersons Hill-NSWTA-Decon Costs Draft.xlsx,Variation Cost Schedule,30,110.99,"same function, normalized unit, same mapped delivery context; highest valid rate retained",Confirmed
Shoring of excavations,Earthworks and Reinstatement,Earthworks Core,,Earthworks,m2,Provisional Sums,1,VT_Rate Card_Generic for pricing Only.xlsx::Vic Track::r14 @ 292.63157894736844,VT_Rate Card_Generic for pricing Only.xlsx,Vic Track,14,292.6315789473684,single candidate,Confirmed
Single vehicular crossway | rock,Drainage and Minor Civil Structures,Minor Civil Structure,rock,Minor Civils,each,Provisional Sums,1,VT_Rate Card_Generic for pricing Only.xlsx::Vic Track::r34 @ 6406.084210526316,VT_Rate Card_Generic for pricing Only.xlsx,Vic Track,34,6406.084210526316,single candidate,Confirmed
Single vehicular crossway | shale,Drainage and Minor Civil Structures,Minor Civil Structure,shale,Minor Civils,each,Provisional Sums,1,VT_Rate Card_Generic for pricing Only.xlsx::Vic Track::r32 @ 5953.1578947368425,VT_Rate Card_Generic for pricing Only.xlsx,Vic Track,32,5953.157894736843,single candidate,Confirmed
Single vehicular crossway | soil,Drainage and Minor Civil Structures,Minor Civil Structure,soil,Minor Civils,each,Provisional Sums,1,VT_Rate Card_Generic for pricing Only.xlsx::Vic Track::r31 @ 5133.684210526316,VT_Rate Card_Generic for pricing Only.xlsx,Vic Track,31,5133.684210526316,single candidate,Confirmed
Site inductions / tickets,Preliminaries and Controls,Preliminaries and Controls,,Pre-start / Controls,person,Preliminaries,2,Supplier RTQ Pricing Template Kirstie-AO.xlsx::RATE BASED WORKS::r12 @ 373.75; VT_Rate Card_Generic for pricing Only.xlsx::Vic Track::r10 @ 325.0,Supplier RTQ Pricing Template Kirstie-AO.xlsx,RATE BASED WORKS,12,373.75,"same function, normalized unit, same mapped delivery context; highest valid rate retained",Confirmed
Site quotation inspection,Preliminaries and Controls,Preliminaries and Controls,,Pre-start / Controls,site,Preliminaries,1,VT_Rate Card_Generic for pricing Only.xlsx::Vic Track::r4 @ 2631.5789473684213,VT_Rate Card_Generic for pricing Only.xlsx,Vic Track,4,2631.578947368421,single candidate,Confirmed
Site setout / identification survey,Preliminaries and Controls,Preliminaries and Controls,,Pre-start / Controls,site,Preliminaries,2,Supplier RTQ Pricing Template Kirstie-AO.xlsx::RATE BASED WORKS::r8 @ 4830.0; VT_Rate Card_Generic for pricing Only.xlsx::Vic Track::r6 @ 4200.0,Supplier RTQ Pricing Template Kirstie-AO.xlsx,RATE BASED WORKS,8,4830,"same function, normalized unit, same mapped delivery context; highest valid rate retained",Confirmed
Site signage,Environmental and Traffic Overlays,Environmental / Traffic Overlay,,Overlay,each,Overlays,1,VT_Rate Card_Generic for pricing Only.xlsx::Vic Track::r59 @ 960.0,VT_Rate Card_Generic for pricing Only.xlsx,Vic Track,59,960,single candidate,Confirmed
Site signage,Environmental and Traffic Overlays,Environmental / Traffic Overlay,,Overlay,sign,Overlays,1,Andersons Hill-NSWTA-Decon Costs Draft.xlsx::Variation Cost Schedule::r81 @ 59.49999999999999,Andersons Hill-NSWTA-Decon Costs Draft.xlsx,Variation Cost Schedule,81,59.49999999999999,single candidate,Confirmed
Solar C-post concrete,Foundations and Support Civils,Foundation / Slab Works,,Foundation or Slab,m3,Provisional Sums,1,AARNet Pricebook.xlsx::AARnet Ratecard::r37 @ 393.56,AARNet Pricebook.xlsx,AARnet Ratecard,37,393.56,single candidate,Inferred
Spoil removal,Earthworks and Reinstatement,Earthworks Core,,Earthworks,m2,Disposal,1,NBN quote Master .xlsx::Sheet1::r57 @ 50.0,NBN quote Master .xlsx,Sheet1,57,50,single candidate,Confirmed
Spoil removal,Earthworks and Reinstatement,Earthworks Core,,Earthworks,m3,Disposal,1,VT_Rate Card_Generic for pricing Only.xlsx::Vic Track::r33 @ 305.2631578947369,VT_Rate Card_Generic for pricing Only.xlsx,Vic Track,33,305.2631578947369,single candidate,Confirmed
Standard kerb and gutter | rock,Drainage and Minor Civil Structures,Minor Civil Structure,rock,Minor Civils,m,Provisional Sums,1,VT_Rate Card_Generic for pricing Only.xlsx::Vic Track::r27 @ 313.6842105263158,VT_Rate Card_Generic for pricing Only.xlsx,Vic Track,27,313.6842105263158,single candidate,Confirmed
Standard kerb and gutter | shale,Drainage and Minor Civil Structures,Minor Civil Structure,shale,Minor Civils,m,Provisional Sums,1,VT_Rate Card_Generic for pricing Only.xlsx::Vic Track::r26 @ 278.94736842105266,VT_Rate Card_Generic for pricing Only.xlsx,Vic Track,26,278.9473684210527,single candidate,Confirmed
Standard kerb and gutter | soil,Drainage and Minor Civil Structures,Minor Civil Structure,soil,Minor Civils,m,Provisional Sums,1,VT_Rate Card_Generic for pricing Only.xlsx::Vic Track::r25 @ 251.31578947368425,VT_Rate Card_Generic for pricing Only.xlsx,Vic Track,25,251.3157894736842,single candidate,Confirmed
Stock fence gate double,Fencing and Access Control,Fencing and Gates,,Fence / Gate,each,Provisional Sums,1,VT_Rate Card_Generic for pricing Only.xlsx::Vic Track::r69 @ 3134.736842105264,VT_Rate Card_Generic for pricing Only.xlsx,Vic Track,69,3134.736842105264,single candidate,Confirmed
Stock fence gate single,Fencing and Access Control,Fencing and Gates,,Fence / Gate,,Provisional Sums,1,VT_Rate Card_Generic for pricing Only.xlsx::Vic Track::r70 @ 2263.157894736842,VT_Rate Card_Generic for pricing Only.xlsx,Vic Track,70,2263.157894736842,single candidate,Confirmed
Stock fencing,Fencing and Access Control,Fencing and Gates,,Fence / Gate,m,Provisional Sums,4,VT_Rate Card_Generic for pricing Only.xlsx::Vic Track::r68 @ 342.63157894736844; Supplier RTQ Pricing Template Kirstie-AO.xlsx::RATE BASED WORKS::r113 @ 248.1578947368421; VT_Rate Card_Generic for pricing Only.xlsx::Vic Track::r71 @ 215.7894736842105; Andersons Hill-NSWTA-Decon Costs Draft.xlsx::Variation Cost Schedule::r83 @ 158.13,VT_Rate Card_Generic for pricing Only.xlsx,Vic Track,68,342.6315789473684,"same function, normalized unit, same mapped delivery context; highest valid rate retained",Confirmed
Strip vegetation and topsoil,Earthworks and Reinstatement,Earthworks Core,,Earthworks,m2,Provisional Sums,1,Andersons Hill-NSWTA-Decon Costs Draft.xlsx::Variation Cost Schedule::r25 @ 27.96175069792952,Andersons Hill-NSWTA-Decon Costs Draft.xlsx,Variation Cost Schedule,25,27.96175069792952,single candidate,Confirmed
Sub-soil drains | soil,Drainage and Minor Civil Structures,Minor Civil Structure,soil,Minor Civils,m,Provisional Sums,3,VT_Rate Card_Generic for pricing Only.xlsx::Vic Track::r83 @ 248.42105263157896; VT_Rate Card_Generic for pricing Only.xlsx::Vic Track::r82 @ 196.8421052631579; VT_Rate Card_Generic for pricing Only.xlsx::Vic Track::r81 @ 178.94736842105263,VT_Rate Card_Generic for pricing Only.xlsx,Vic Track,83,248.421052631579,"same function, normalized unit, same mapped delivery context; highest valid rate retained",Confirmed
Supervision and site project management,Preliminaries and Controls,Preliminaries and Controls,,Pre-start / Controls,site,Preliminaries,1,VT_Rate Card_Generic for pricing Only.xlsx::Vic Track::r12 @ 1850.0,VT_Rate Card_Generic for pricing Only.xlsx,Vic Track,12,1850,single candidate,Confirmed
Supply and fix reinforcing steel,Foundations and Support Civils,Foundation / Slab Works,,Foundation or Slab,t,Materials,1,VT_Rate Card_Generic for pricing Only.xlsx::Vic Track::r87 @ 4157.894736842106,VT_Rate Card_Generic for pricing Only.xlsx,Vic Track,87,4157.894736842106,single candidate,Confirmed
Survey pegs and return levels,Preliminaries and Controls,Preliminaries and Controls,,Pre-start / Controls,site,Preliminaries,1,AARNet Pricebook.xlsx::AARnet Ratecard::r4 @ 2430.0,AARNet Pricebook.xlsx,AARnet Ratecard,4,2430,single candidate,Inferred
Temporary site fencing,Fencing and Access Control,Fencing and Gates,,Fence / Gate,m,Provisional Sums,3,VT_Rate Card_Generic for pricing Only.xlsx::Vic Track::r72 @ 257.89473684210526; Andersons Hill-NSWTA-Decon Costs Draft.xlsx::Variation Cost Schedule::r16 @ 22.64792307162362; Andersons Hill-NSWTA-Decon Costs Draft.xlsx::Variation Cost Schedule::r17 @ 15.0,VT_Rate Card_Generic for pricing Only.xlsx,Vic Track,72,257.8947368421053,"same function, normalized unit, same mapped delivery context; highest valid rate retained",Confirmed
Traffic management,Environmental and Traffic Overlays,Environmental / Traffic Overlay,,Overlay,cost plus,Overlays,1,VT_Rate Card_Generic for pricing Only.xlsx::Vic Track::r53 @ 1650.0,VT_Rate Card_Generic for pricing Only.xlsx,Vic Track,53,1650,single candidate,Confirmed
Traffic management,Environmental and Traffic Overlays,Environmental / Traffic Overlay,,Overlay,day,Overlays,2,Supplier RTQ Pricing Template Kirstie-AO.xlsx::RATE BASED WORKS::r434 @ 4721.052631578947; VT_Rate Card_Generic for pricing Only.xlsx::Vic Track::r282 @ 4105.263157894737,Supplier RTQ Pricing Template Kirstie-AO.xlsx,RATE BASED WORKS,434,4721.052631578947,"same function, normalized unit, same mapped delivery context; highest valid rate retained",Confirmed
Tree protection,Environmental and Traffic Overlays,Environmental / Traffic Overlay,,Overlay,each,Overlays,1,VT_Rate Card_Generic for pricing Only.xlsx::Vic Track::r76 @ 342.10526315789474,VT_Rate Card_Generic for pricing Only.xlsx,Vic Track,76,342.1052631578947,single candidate,Confirmed
Trenching | p100 | otr | additional,Earthworks and Reinstatement,Service Route Trenching,otr,Trenching,m,Provisional Sums,3,NBN quote Master .xlsx::Sheet1::r72 @ 19.09753846153846; Copy of Hazelwood North Amplitel Construction Quote Book 1 (004) 1.xlsx::ALL SORs::r75 @ 15.914615384615384; Copy of Hazelwood North Amplitel Construction Quote Book 1 (004) 1.xlsx::ALL SORs::r75 @ 15.116923076923078,NBN quote Master .xlsx,Sheet1,72,19.09753846153846,"same function, normalized unit, same mapped delivery context; highest valid rate retained",Confirmed
Trenching | p100 | otr | standard,Earthworks and Reinstatement,Service Route Trenching,otr,Trenching,m,Provisional Sums,3,NBN quote Master .xlsx::Sheet1::r71 @ 112.0; Copy of Hazelwood North Amplitel Construction Quote Book 1 (004) 1.xlsx::ALL SORs::r74 @ 47.36153846153846; Copy of Hazelwood North Amplitel Construction Quote Book 1 (004) 1.xlsx::ALL SORs::r74 @ 44.99230769230769,NBN quote Master .xlsx,Sheet1,71,112,"same function, normalized unit, same mapped delivery context; highest valid rate retained",Confirmed
Trenching | p100 | rock | standard,Earthworks and Reinstatement,Service Route Trenching,rock,Trenching,m,Provisional Sums,9,Supplier RTQ Pricing Template Kirstie-AO.xlsx::RATE BASED WORKS::r490 @ 782.8070175438596; Supplier RTQ Pricing Template Kirstie-AO.xlsx::RATE BASED WORKS::r484 @ 688.0147368421052; VT_Rate Card_Generic for pricing Only.xlsx::Vic Track::r332 @ 598.2736842105263; Supplier RTQ Pricing Template Kirstie-AO.xlsx::RATE BASED WORKS::r477 @ 382.95; VT_Rate Card_Generic for pricing Only.xlsx::Vic Track::r325 @ 333.0; Supplier RTQ Pricing Template Kirstie-AO.xlsx::RATE BASED WORKS::r467 @ 295.54999999999995; Supplier RTQ Pricing Template Kirstie-AO.xlsx::RATE BASED WORKS::r319 @ 284.8297213622291; VT_Rate Card_Generic for pricing Only.xlsx::Vic Track::r315 @ 257.0; VT_Rate Card_Generic for pricing Only.xlsx::Vic Track::r167 @ 247.6780185758514,Supplier RTQ Pricing Template Kirstie-AO.xlsx,RATE BASED WORKS,490,782.8070175438596,"same function, normalized unit, same mapped delivery context; highest valid rate retained",Confirmed
Trenching | p100 | shale | standard,Earthworks and Reinstatement,Service Route Trenching,shale,Trenching,m,Provisional Sums,9,Supplier RTQ Pricing Template Kirstie-AO.xlsx::RATE BASED WORKS::r489 @ 629.4736842105262; Supplier RTQ Pricing Template Kirstie-AO.xlsx::RATE BASED WORKS::r482 @ 410.55; VT_Rate Card_Generic for pricing Only.xlsx::Vic Track::r330 @ 357.0; Supplier RTQ Pricing Template Kirstie-AO.xlsx::RATE BASED WORKS::r476 @ 267.95; VT_Rate Card_Generic for pricing Only.xlsx::Vic Track::r324 @ 233.0; Supplier RTQ Pricing Template Kirstie-AO.xlsx::RATE BASED WORKS::r466 @ 212.75; VT_Rate Card_Generic for pricing Only.xlsx::Vic Track::r314 @ 185.0; Supplier RTQ Pricing Template Kirstie-AO.xlsx::RATE BASED WORKS::r308 @ 178.0185758513932; VT_Rate Card_Generic for pricing Only.xlsx::Vic Track::r156 @ 154.79876160990713,Supplier RTQ Pricing Template Kirstie-AO.xlsx,RATE BASED WORKS,489,629.4736842105262,"same function, normalized unit, same mapped delivery context; highest valid rate retained",Confirmed
Trenching | p100 | soil | standard,Earthworks and Reinstatement,Service Route Trenching,soil,Trenching,m,Provisional Sums,9,Supplier RTQ Pricing Template Kirstie-AO.xlsx::RATE BASED WORKS::r488 @ 484.2105263157895; Supplier RTQ Pricing Template Kirstie-AO.xlsx::RATE BASED WORKS::r481 @ 371.2280701754386; VT_Rate Card_Generic for pricing Only.xlsx::Vic Track::r329 @ 322.8070175438597; Supplier RTQ Pricing Template Kirstie-AO.xlsx::RATE BASED WORKS::r475 @ 244.95; VT_Rate Card_Generic for pricing Only.xlsx::Vic Track::r323 @ 213.0; Supplier RTQ Pricing Template Kirstie-AO.xlsx::RATE BASED WORKS::r465 @ 196.65; VT_Rate Card_Generic for pricing Only.xlsx::Vic Track::r313 @ 171.0; Supplier RTQ Pricing Template Kirstie-AO.xlsx::RATE BASED WORKS::r297 @ 142.41486068111456; VT_Rate Card_Generic for pricing Only.xlsx::Vic Track::r145 @ 123.8390092879257,Supplier RTQ Pricing Template Kirstie-AO.xlsx,RATE BASED WORKS,488,484.2105263157895,"same function, normalized unit, same mapped delivery context; highest valid rate retained",Confirmed
Trenching | p63 & p100 | rock | standard,Earthworks and Reinstatement,Service Route Trenching,rock,Trenching,m,Provisional Sums,1,VT_Rate Card_Generic for pricing Only.xlsx::Vic Track::r338 @ 680.7017543859649,VT_Rate Card_Generic for pricing Only.xlsx,Vic Track,338,680.7017543859649,single candidate,Confirmed
Trenching | p63 & p100 | shale | standard,Earthworks and Reinstatement,Service Route Trenching,shale,Trenching,m,Provisional Sums,1,VT_Rate Card_Generic for pricing Only.xlsx::Vic Track::r337 @ 547.3684210526316,VT_Rate Card_Generic for pricing Only.xlsx,Vic Track,337,547.3684210526316,single candidate,Confirmed
Trenching | p63 & p100 | soil | standard,Earthworks and Reinstatement,Service Route Trenching,soil,Trenching,m,Provisional Sums,1,VT_Rate Card_Generic for pricing Only.xlsx::Vic Track::r336 @ 421.0526315789474,VT_Rate Card_Generic for pricing Only.xlsx,Vic Track,336,421.0526315789474,single candidate,Confirmed
Trenching | p63 | rock | standard,Earthworks and Reinstatement,Service Route Trenching,rock,Trenching,m,Provisional Sums,6,Supplier RTQ Pricing Template Kirstie-AO.xlsx::RATE BASED WORKS::r470 @ 302.63157894736844; Supplier RTQ Pricing Template Kirstie-AO.xlsx::RATE BASED WORKS::r436 @ 293.98496240601503; Supplier RTQ Pricing Template Kirstie-AO.xlsx::RATE BASED WORKS::r517 @ 267.0278637770898; VT_Rate Card_Generic for pricing Only.xlsx::Vic Track::r318 @ 263.15789473684214; VT_Rate Card_Generic for pricing Only.xlsx::Vic Track::r284 @ 255.63909774436087; VT_Rate Card_Generic for pricing Only.xlsx::Vic Track::r364 @ 232.1981424148608,Supplier RTQ Pricing Template Kirstie-AO.xlsx,RATE BASED WORKS,470,302.6315789473684,"same function, normalized unit, same mapped delivery context; highest valid rate retained",Confirmed
Trenching | p63 | shale | standard,Earthworks and Reinstatement,Service Route Trenching,shale,Trenching,m,Provisional Sums,6,Supplier RTQ Pricing Template Kirstie-AO.xlsx::RATE BASED WORKS::r469 @ 236.9; VT_Rate Card_Generic for pricing Only.xlsx::Vic Track::r317 @ 206.0; Supplier RTQ Pricing Template Kirstie-AO.xlsx::RATE BASED WORKS::r426 @ 172.93233082706766; Supplier RTQ Pricing Template Kirstie-AO.xlsx::RATE BASED WORKS::r504 @ 160.21671826625388; VT_Rate Card_Generic for pricing Only.xlsx::Vic Track::r274 @ 150.37593984962407; VT_Rate Card_Generic for pricing Only.xlsx::Vic Track::r352 @ 139.31888544891643,Supplier RTQ Pricing Template Kirstie-AO.xlsx,RATE BASED WORKS,469,236.9,"same function, normalized unit, same mapped delivery context; highest valid rate retained",Confirmed
Trenching | p63 | soil | standard,Earthworks and Reinstatement,Service Route Trenching,soil,Trenching,m,Provisional Sums,6,Supplier RTQ Pricing Template Kirstie-AO.xlsx::RATE BASED WORKS::r468 @ 213.9; VT_Rate Card_Generic for pricing Only.xlsx::Vic Track::r316 @ 186.0; Supplier RTQ Pricing Template Kirstie-AO.xlsx::RATE BASED WORKS::r415 @ 138.34586466165413; Supplier RTQ Pricing Template Kirstie-AO.xlsx::RATE BASED WORKS::r494 @ 124.61300309597524; VT_Rate Card_Generic for pricing Only.xlsx::Vic Track::r263 @ 120.30075187969926; VT_Rate Card_Generic for pricing Only.xlsx::Vic Track::r342 @ 108.359133126935,Supplier RTQ Pricing Template Kirstie-AO.xlsx,RATE BASED WORKS,468,213.9,"same function, normalized unit, same mapped delivery context; highest valid rate retained",Confirmed
Underground feeder pit,Pits,Pit Works,,Pit Install / Supply,each,Provisional Sums,3,NBN quote Master .xlsx::Sheet1::r81 @ 2635.2; Copy of Hazelwood North Amplitel Construction Quote Book 1 (004) 1.xlsx::ALL SORs::r84 @ 2196.0; Copy of Hazelwood North Amplitel Construction Quote Book 1 (004) 1.xlsx::ALL SORs::r84 @ 2196.0,NBN quote Master .xlsx,Sheet1,81,2635.2,"same function, normalized unit, same mapped delivery context; highest valid rate retained",Inferred
Underground service search intrusive potholing,Proving and Brownfield Controls,Service Proving,,Proving / Locate,each,Specialist Subcontract,1,Andersons Hill-NSWTA-Decon Costs Draft.xlsx::Variation Cost Schedule::r13 @ 155.38,Andersons Hill-NSWTA-Decon Costs Draft.xlsx,Variation Cost Schedule,13,155.38,single candidate,Confirmed
Underground service search non-intrusive,Proving and Brownfield Controls,Service Proving,,Proving / Locate,site,Specialist Subcontract,1,Andersons Hill-NSWTA-Decon Costs Draft.xlsx::Variation Cost Schedule::r12 @ 1088.1944707555583,Andersons Hill-NSWTA-Decon Costs Draft.xlsx,Variation Cost Schedule,12,1088.194470755558,single candidate,Confirmed
Vehicular access gate install,Fencing and Access Control,Fencing and Gates,,Fence / Gate,each,Provisional Sums,1,VT_Rate Card_Generic for pricing Only.xlsx::Vic Track::r65 @ 4452.631578947368,VT_Rate Card_Generic for pricing Only.xlsx,Vic Track,65,4452.631578947368,single candidate,Confirmed
Waste bin / rubbish support,Preliminaries and Controls,Preliminaries and Controls,,Pre-start / Controls,site,Preliminaries,1,VT_Rate Card_Generic for pricing Only.xlsx::Vic Track::r9 @ 1457.8947368421054,VT_Rate Card_Generic for pricing Only.xlsx,Vic Track,9,1457.894736842105,single candidate,Confirmed
Weed matting / separator,Earthworks and Reinstatement,Earthworks Core,,Earthworks,m2,Materials,2,Supplier RTQ Pricing Template Kirstie-AO.xlsx::RATE BASED WORKS::r103 @ 119.53947368421052; VT_Rate Card_Generic for pricing Only.xlsx::Vic Track::r61 @ 103.94736842105264,Supplier RTQ Pricing Template Kirstie-AO.xlsx,RATE BASED WORKS,103,119.5394736842105,"same function, normalized unit, same mapped delivery context; highest valid rate retained",Inferred
daily generator hire - after hours - metro,Temporary Power and Generator Support,Generator Support,,Generator Support,,Plant,4,Generator Maryborough LCR Victrack Per Refuel 3-2026.xlsx::Sheet1::r17 @ 180.0; Generator Maryborough LCR Victrack Weekly Hire no fuel 3-2026.xlsx::Sheet1::r17 @ 180.0; Generator Maryborough LCR Victrack Per Refuel 3-2026.xlsx::Sheet1::r18 @ 99.0; Generator Maryborough LCR Victrack Weekly Hire no fuel 3-2026.xlsx::Sheet1::r18 @ 99.0,Generator Maryborough LCR Victrack Per Refuel 3-2026.xlsx,Sheet1,17,180,"same function, normalized unit, same mapped delivery context; highest valid rate retained",Confirmed
daily generator hire - after hours regional,Temporary Power and Generator Support,Generator Support,,Generator Support,,Plant,4,Generator Maryborough LCR Victrack Per Refuel 3-2026.xlsx::Sheet1::r33 @ 180.0; Generator Maryborough LCR Victrack Weekly Hire no fuel 3-2026.xlsx::Sheet1::r33 @ 180.0; Generator Maryborough LCR Victrack Per Refuel 3-2026.xlsx::Sheet1::r34 @ 99.0; Generator Maryborough LCR Victrack Weekly Hire no fuel 3-2026.xlsx::Sheet1::r34 @ 99.0,Generator Maryborough LCR Victrack Per Refuel 3-2026.xlsx,Sheet1,33,180,"same function, normalized unit, same mapped delivery context; highest valid rate retained",Confirmed
daily generator hire - business hours - metro,Temporary Power and Generator Support,Generator Support,,Generator Support,,Plant,4,Generator Maryborough LCR Victrack Per Refuel 3-2026.xlsx::Sheet1::r10 @ 180.0; Generator Maryborough LCR Victrack Weekly Hire no fuel 3-2026.xlsx::Sheet1::r10 @ 180.0; Generator Maryborough LCR Victrack Per Refuel 3-2026.xlsx::Sheet1::r11 @ 99.0; Generator Maryborough LCR Victrack Weekly Hire no fuel 3-2026.xlsx::Sheet1::r11 @ 99.0,Generator Maryborough LCR Victrack Per Refuel 3-2026.xlsx,Sheet1,10,180,"same function, normalized unit, same mapped delivery context; highest valid rate retained",Confirmed
daily generator hire - business hours - regional,Temporary Power and Generator Support,Generator Support,,Generator Support,,Plant,4,Generator Maryborough LCR Victrack Per Refuel 3-2026.xlsx::Sheet1::r25 @ 180.0; Generator Maryborough LCR Victrack Weekly Hire no fuel 3-2026.xlsx::Sheet1::r25 @ 180.0; Generator Maryborough LCR Victrack Per Refuel 3-2026.xlsx::Sheet1::r26 @ 99.0; Generator Maryborough LCR Victrack Weekly Hire no fuel 3-2026.xlsx::Sheet1::r26 @ 99.0,Generator Maryborough LCR Victrack Per Refuel 3-2026.xlsx,Sheet1,25,180,"same function, normalized unit, same mapped delivery context; highest valid rate retained",Confirmed
daily generator hire -after hours - metro,Temporary Power and Generator Support,Generator Support,,Generator Support,,Plant,2,Generator Maryborough LCR Victrack Per Refuel 3-2026.xlsx::Sheet1::r19 @ 757.5; Generator Maryborough LCR Victrack Weekly Hire no fuel 3-2026.xlsx::Sheet1::r19 @ 757.5,Generator Maryborough LCR Victrack Per Refuel 3-2026.xlsx,Sheet1,19,757.5,"same function, normalized unit, same mapped delivery context; highest valid rate retained",Confirmed
deployment cost after hours hours metro,Temporary Power and Generator Support,Generator Support,,Generator Support,,Plant,2,Generator Maryborough LCR Victrack Per Refuel 3-2026.xlsx::Sheet1::r14 @ 195.0; Generator Maryborough LCR Victrack Weekly Hire no fuel 3-2026.xlsx::Sheet1::r14 @ 195.0,Generator Maryborough LCR Victrack Per Refuel 3-2026.xlsx,Sheet1,14,195,"same function, normalized unit, same mapped delivery context; highest valid rate retained",Confirmed
deployment cost after hours regional,Temporary Power and Generator Support,Generator Support,,Generator Support,,Plant,2,Generator Maryborough LCR Victrack Per Refuel 3-2026.xlsx::Sheet1::r29 @ 195.0; Generator Maryborough LCR Victrack Weekly Hire no fuel 3-2026.xlsx::Sheet1::r29 @ 195.0,Generator Maryborough LCR Victrack Per Refuel 3-2026.xlsx,Sheet1,29,195,"same function, normalized unit, same mapped delivery context; highest valid rate retained",Confirmed
deployment cost business hours metro,Temporary Power and Generator Support,Generator Support,,Generator Support,,Plant,2,Generator Maryborough LCR Victrack Per Refuel 3-2026.xlsx::Sheet1::r7 @ 150.0; Generator Maryborough LCR Victrack Weekly Hire no fuel 3-2026.xlsx::Sheet1::r7 @ 150.0,Generator Maryborough LCR Victrack Per Refuel 3-2026.xlsx,Sheet1,7,150,"same function, normalized unit, same mapped delivery context; highest valid rate retained",Confirmed
deployment cost business hours regional,Temporary Power and Generator Support,Generator Support,,Generator Support,,Plant,2,Generator Maryborough LCR Victrack Per Refuel 3-2026.xlsx::Sheet1::r21 @ 150.0; Generator Maryborough LCR Victrack Weekly Hire no fuel 3-2026.xlsx::Sheet1::r21 @ 150.0,Generator Maryborough LCR Victrack Per Refuel 3-2026.xlsx,Sheet1,21,150,"same function, normalized unit, same mapped delivery context; highest valid rate retained",Confirmed
extra hours cost p/h,Temporary Power and Generator Support,Generator Support,,Generator Support,,Plant,8,Generator Maryborough LCR Victrack Per Refuel 3-2026.xlsx::Sheet1::r16 @ 195.0; Generator Maryborough LCR Victrack Per Refuel 3-2026.xlsx::Sheet1::r32 @ 195.0; Generator Maryborough LCR Victrack Weekly Hire no fuel 3-2026.xlsx::Sheet1::r32 @ 195.0; Generator Maryborough LCR Victrack Weekly Hire no fuel 3-2026.xlsx::Sheet1::r16 @ 195.0; Generator Maryborough LCR Victrack Per Refuel 3-2026.xlsx::Sheet1::r24 @ 130.0; Generator Maryborough LCR Victrack Per Refuel 3-2026.xlsx::Sheet1::r9 @ 130.0; Generator Maryborough LCR Victrack Weekly Hire no fuel 3-2026.xlsx::Sheet1::r9 @ 130.0; Generator Maryborough LCR Victrack Weekly Hire no fuel 3-2026.xlsx::Sheet1::r24 @ 130.0,Generator Maryborough LCR Victrack Per Refuel 3-2026.xlsx,Sheet1,16,195,"same function, normalized unit, same mapped delivery context; highest valid rate retained",Confirmed
fuel cost per litre,Temporary Power and Generator Support,Generator Support,,Generator Support,,Materials,2,Generator Maryborough LCR Victrack Per Refuel 3-2026.xlsx::Sheet1::r5 @ 3.65; Generator Maryborough LCR Victrack Weekly Hire no fuel 3-2026.xlsx::Sheet1::r5 @ 3.65,Generator Maryborough LCR Victrack Per Refuel 3-2026.xlsx,Sheet1,5,3.65,"same function, normalized unit, same mapped delivery context; highest valid rate retained",Confirmed
generator plug & transfer switch - install additional generator switch and socket on meter box. ref std-761,Temporary Power and Generator Support,Generator Support,,Generator Support,each,Plant,1,Andersons Hill-NSWTA-Decon Costs Draft.xlsx::Variation Cost Schedule::r262 @ 991.5832227747889,Andersons Hill-NSWTA-Decon Costs Draft.xlsx,Variation Cost Schedule,262,991.5832227747889,single candidate,Confirmed
generator plug & transfer switch,Temporary Power and Generator Support,Generator Support,,Generator Support,each,Plant,1,VT_Rate Card_Generic for pricing Only.xlsx::Vic Track::r320 @ 5789.473684210527,VT_Rate Card_Generic for pricing Only.xlsx,Vic Track,320,5789.473684210527,single candidate,Confirmed
minimum hours in deployment,Temporary Power and Generator Support,Generator Support,,Generator Support,,Plant,8,Generator Maryborough LCR Victrack Per Refuel 3-2026.xlsx::Sheet1::r8 @ nan; Generator Maryborough LCR Victrack Per Refuel 3-2026.xlsx::Sheet1::r15 @ nan; Generator Maryborough LCR Victrack Per Refuel 3-2026.xlsx::Sheet1::r22 @ nan; Generator Maryborough LCR Victrack Per Refuel 3-2026.xlsx::Sheet1::r30 @ nan; Generator Maryborough LCR Victrack Weekly Hire no fuel 3-2026.xlsx::Sheet1::r8 @ nan; Generator Maryborough LCR Victrack Weekly Hire no fuel 3-2026.xlsx::Sheet1::r15 @ nan; Generator Maryborough LCR Victrack Weekly Hire no fuel 3-2026.xlsx::Sheet1::r22 @ nan; Generator Maryborough LCR Victrack Weekly Hire no fuel 3-2026.xlsx::Sheet1::r30 @ nan,Generator Maryborough LCR Victrack Per Refuel 3-2026.xlsx,Sheet1,8,,"same function, normalized unit, same mapped delivery context; highest valid rate retained",Confirmed
mobilisation to site - outside 100km metro zone.,Temporary Power and Generator Support,Generator Support,,Generator Support,,Plant,4,Generator Maryborough LCR Victrack Per Refuel 3-2026.xlsx::Sheet1::r31 @ 4.77; Generator Maryborough LCR Victrack Weekly Hire no fuel 3-2026.xlsx::Sheet1::r31 @ 4.77; Generator Maryborough LCR Victrack Per Refuel 3-2026.xlsx::Sheet1::r23 @ 2.8; Generator Maryborough LCR Victrack Weekly Hire no fuel 3-2026.xlsx::Sheet1::r23 @ 2.8,Generator Maryborough LCR Victrack Per Refuel 3-2026.xlsx,Sheet1,31,4.77,"same function, normalized unit, same mapped delivery context; highest valid rate retained",Confirmed
weekly generator hire - after hours regional,Temporary Power and Generator Support,Generator Support,,Generator Support,,Plant,2,Generator Maryborough LCR Victrack Per Refuel 3-2026.xlsx::Sheet1::r35 @ 757.5; Generator Maryborough LCR Victrack Weekly Hire no fuel 3-2026.xlsx::Sheet1::r35 @ 757.5,Generator Maryborough LCR Victrack Per Refuel 3-2026.xlsx,Sheet1,35,757.5,"same function, normalized unit, same mapped delivery context; highest valid rate retained",Confirmed
weekly generator hire - business hours - metro,Temporary Power and Generator Support,Generator Support,,Generator Support,,Plant,2,Generator Maryborough LCR Victrack Per Refuel 3-2026.xlsx::Sheet1::r12 @ 725.0; Generator Maryborough LCR Victrack Weekly Hire no fuel 3-2026.xlsx::Sheet1::r12 @ 725.0,Generator Maryborough LCR Victrack Per Refuel 3-2026.xlsx,Sheet1,12,725,"same function, normalized unit, same mapped delivery context; highest valid rate retained",Confirmed
weekly generator hire - business hours - regional,Temporary Power and Generator Support,Generator Support,,Generator Support,,Plant,2,Generator Maryborough LCR Victrack Per Refuel 3-2026.xlsx::Sheet1::r27 @ 757.5; Generator Maryborough LCR Victrack Weekly Hire no fuel 3-2026.xlsx::Sheet1::r27 @ 757.5,Generator Maryborough LCR Victrack Per Refuel 3-2026.xlsx,Sheet1,27,757.5,"same function, normalized unit, same mapped delivery context; highest valid rate retained",Confirmed
