Scope Item Code,Delivery Method Code,Cost Component Code,Sequence Number,Included by Default,Conditional Rule Summary,Active,Notes
SI-PIT-NEW,DM-PIT-STD,CC-PRESTART,10,Yes,none,True,
SI-PIT-NEW,DM-PIT-STD,CC-BREAKOUT,20,Conditional,if breakout required,True,
SI-PIT-NEW,DM-PIT-STD,CC-EXC,30,Yes,none,True,
SI-PIT-NEW,DM-PIT-STD,CC-SPOIL,40,Yes,none,True,
SI-PIT-NEW,DM-PIT-STD,CC-BEDDING,50,Yes,none,True,
SI-PIT-NEW,DM-PIT-STD,CC-INSTALL,60,Yes,none,True,
SI-PIT-NEW,DM-PIT-STD,CC-TIEIN,70,Conditional,if conduit entries or tie-ins required,True,
SI-PIT-NEW,DM-PIT-STD,CC-BFILL,80,Yes,none,True,
SI-PIT-NEW,DM-PIT-STD,CC-REINSTATE,90,Yes,if reinstatement included now,True,
SI-PIT-NEW,DM-PIT-STD,CC-QA,100,Yes,none,True,
SI-PIT-NEW,DM-PIT-LRG,CC-PRESTART,10,Yes,none,True,
SI-PIT-NEW,DM-PIT-LRG,CC-BREAKOUT,20,Conditional,if breakout required,True,
SI-PIT-NEW,DM-PIT-LRG,CC-EXC,30,Yes,none,True,
SI-PIT-NEW,DM-PIT-LRG,CC-SPOIL,40,Yes,none,True,
SI-PIT-NEW,DM-PIT-LRG,CC-BEDDING,50,Yes,none,True,
SI-PIT-NEW,DM-PIT-LRG,CC-INSTALL,60,Yes,none,True,large pit path
SI-PIT-NEW,DM-PIT-LRG,CC-OVERLAY,70,Conditional,Franna / lift support,True,
SI-PIT-NEW,DM-PIT-LRG,CC-TIEIN,80,Conditional,if conduit entries or tie-ins required,True,
SI-PIT-NEW,DM-PIT-LRG,CC-BFILL,90,Yes,none,True,
SI-PIT-NEW,DM-PIT-LRG,CC-REINSTATE,100,Yes,if reinstatement included now,True,
SI-PIT-NEW,DM-PIT-LRG,CC-QA,110,Yes,none,True,
SI-PIT-TIE,DM-PIT-TIE,CC-PRESTART,10,Yes,none,True,
SI-PIT-TIE,DM-PIT-TIE,CC-LOCATE,20,Yes,none,True,
SI-PIT-TIE,DM-PIT-TIE,CC-PROVE,30,Conditional,if assets within 2 m,True,
SI-PIT-TIE,DM-PIT-TIE,CC-PROTECT,40,Conditional,if exposed assets present,True,
SI-PIT-TIE,DM-PIT-TIE,CC-BREAKOUT,50,Conditional,if breakout required,True,
SI-PIT-TIE,DM-PIT-TIE,CC-EXC,60,Yes,none,True,
SI-PIT-TIE,DM-PIT-TIE,CC-SPOIL,70,Yes,none,True,
SI-PIT-TIE,DM-PIT-TIE,CC-BEDDING,80,Yes,none,True,
SI-PIT-TIE,DM-PIT-TIE,CC-INSTALL,90,Yes,none,True,
SI-PIT-TIE,DM-PIT-TIE,CC-TIEIN,100,Conditional,if conduit entries or tie-ins required,True,
SI-PIT-TIE,DM-PIT-TIE,CC-BFILL,110,Yes,none,True,
SI-PIT-TIE,DM-PIT-TIE,CC-MAKESAFE,120,Conditional,if staged brownfield make-safe required,True,
SI-PIT-TIE,DM-PIT-TIE,CC-REINSTATE,130,Yes,if reinstatement included now,True,
SI-PIT-TIE,DM-PIT-TIE,CC-QA,140,Yes,none,True,
SI-PIT-REP,DM-PIT-REP,CC-PRESTART,10,Yes,none,True,
SI-PIT-REP,DM-PIT-REP,CC-LOCATE,20,Yes,none,True,
SI-PIT-REP,DM-PIT-REP,CC-PROVE,30,Conditional,if assets within 2 m,True,
SI-PIT-REP,DM-PIT-REP,CC-PROTECT,40,Conditional,if exposed assets present,True,
SI-PIT-REP,DM-PIT-REP,CC-BREAKOUT,50,Conditional,if breakout required,True,
SI-PIT-REP,DM-PIT-REP,CC-EXC,60,Yes,none,True,
SI-PIT-REP,DM-PIT-REP,CC-SPOIL,70,Yes,none,True,
SI-PIT-REP,DM-PIT-REP,CC-BEDDING,80,Yes,none,True,
SI-PIT-REP,DM-PIT-REP,CC-INSTALL,90,Yes,none,True,
SI-PIT-REP,DM-PIT-REP,CC-TIEIN,100,Conditional,if conduit entries or tie-ins required,True,
SI-PIT-REP,DM-PIT-REP,CC-BFILL,110,Yes,none,True,
SI-PIT-REP,DM-PIT-REP,CC-MAKESAFE,120,Conditional,if staged brownfield make-safe required,True,
SI-PIT-REP,DM-PIT-REP,CC-REINSTATE,130,Yes,if reinstatement included now,True,
SI-PIT-REP,DM-PIT-REP,CC-QA,140,Yes,none,True,
SI-FP-CONC,DM-FP-CONC-LD,CC-PRESTART,10,Yes,none,True,
SI-FP-CONC,DM-FP-CONC-LD,CC-BREAKOUT,20,Conditional,if breakout required,True,
SI-FP-CONC,DM-FP-CONC-LD,CC-LOCATE,30,Conditional,if assets within 2 m,True,
SI-FP-CONC,DM-FP-CONC-LD,CC-PROVE,40,Conditional,if assets within 2 m,True,
SI-FP-CONC,DM-FP-CONC-LD,CC-EXC,50,Yes,none,True,
SI-FP-CONC,DM-FP-CONC-LD,CC-SPOIL,60,Yes,none,True,
SI-FP-CONC,DM-FP-CONC-LD,CC-CAP,70,Conditional,if separator or capping required,True,
SI-FP-CONC,DM-FP-CONC-LD,CC-SUBBASE,80,Yes,none,True,
SI-FP-CONC,DM-FP-CONC-LD,CC-REINF,90,Conditional,if reinforcement required,True,
SI-FP-CONC,DM-FP-CONC-LD,CC-CONC,100,Yes,none,True,
SI-FP-CONC,DM-FP-CONC-LD,CC-TIEIN,110,Conditional,if tie-ins or edge treatment required,True,
SI-FP-CONC,DM-FP-CONC-LD,CC-REINSTATE,120,Yes,if reinstatement included now,True,
SI-FP-CONC,DM-FP-CONC-LD,CC-QA,130,Yes,none,True,
SI-FP-ASPH,DM-FP-ASPH-LD,CC-PRESTART,10,Yes,none,True,
SI-FP-ASPH,DM-FP-ASPH-LD,CC-BREAKOUT,20,Conditional,if breakout required,True,
SI-FP-ASPH,DM-FP-ASPH-LD,CC-LOCATE,30,Conditional,if assets within 2 m,True,
SI-FP-ASPH,DM-FP-ASPH-LD,CC-PROVE,40,Conditional,if assets within 2 m,True,
SI-FP-ASPH,DM-FP-ASPH-LD,CC-EXC,50,Yes,none,True,
SI-FP-ASPH,DM-FP-ASPH-LD,CC-SPOIL,60,Yes,none,True,
SI-FP-ASPH,DM-FP-ASPH-LD,CC-CAP,70,Conditional,if separator or capping required,True,
SI-FP-ASPH,DM-FP-ASPH-LD,CC-SUBBASE,80,Yes,none,True,
SI-FP-ASPH,DM-FP-ASPH-LD,CC-INSTALL,90,Yes,none,True,asphalt or gravel finish layer
SI-FP-ASPH,DM-FP-ASPH-LD,CC-TIEIN,100,Conditional,if tie-ins or edge treatment required,True,
SI-FP-ASPH,DM-FP-ASPH-LD,CC-REINSTATE,110,Yes,if reinstatement included now,True,
SI-FP-ASPH,DM-FP-ASPH-LD,CC-QA,120,Yes,none,True,
SI-FP-GRAV,DM-FP-GRAV-LD,CC-PRESTART,10,Yes,none,True,
SI-FP-GRAV,DM-FP-GRAV-LD,CC-BREAKOUT,20,Conditional,if breakout required,True,
SI-FP-GRAV,DM-FP-GRAV-LD,CC-LOCATE,30,Conditional,if assets within 2 m,True,
SI-FP-GRAV,DM-FP-GRAV-LD,CC-PROVE,40,Conditional,if assets within 2 m,True,
SI-FP-GRAV,DM-FP-GRAV-LD,CC-EXC,50,Yes,none,True,
SI-FP-GRAV,DM-FP-GRAV-LD,CC-SPOIL,60,Yes,none,True,
SI-FP-GRAV,DM-FP-GRAV-LD,CC-CAP,70,Conditional,if separator or capping required,True,
SI-FP-GRAV,DM-FP-GRAV-LD,CC-SUBBASE,80,Yes,none,True,
SI-FP-GRAV,DM-FP-GRAV-LD,CC-INSTALL,90,Yes,none,True,asphalt or gravel finish layer
SI-FP-GRAV,DM-FP-GRAV-LD,CC-TIEIN,100,Conditional,if tie-ins or edge treatment required,True,
SI-FP-GRAV,DM-FP-GRAV-LD,CC-REINSTATE,110,Yes,if reinstatement included now,True,
SI-FP-GRAV,DM-FP-GRAV-LD,CC-QA,120,Yes,none,True,
SI-DRV-CONC,DM-DRV-CONC-LD,CC-PRESTART,10,Yes,none,True,
SI-DRV-CONC,DM-DRV-CONC-LD,CC-BREAKOUT,20,Conditional,if breakout required,True,
SI-DRV-CONC,DM-DRV-CONC-LD,CC-LOCATE,30,Conditional,if assets within 2 m,True,
SI-DRV-CONC,DM-DRV-CONC-LD,CC-PROVE,40,Conditional,if assets within 2 m,True,
SI-DRV-CONC,DM-DRV-CONC-LD,CC-EXC,50,Yes,none,True,
SI-DRV-CONC,DM-DRV-CONC-LD,CC-SPOIL,60,Yes,none,True,
SI-DRV-CONC,DM-DRV-CONC-LD,CC-CAP,70,Conditional,if separator or capping required,True,
SI-DRV-CONC,DM-DRV-CONC-LD,CC-SUBBASE,80,Yes,none,True,
SI-DRV-CONC,DM-DRV-CONC-LD,CC-BASE,90,Yes,structural layer where required,True,
SI-DRV-CONC,DM-DRV-CONC-LD,CC-REINF,100,Conditional,if reinforcement required,True,
SI-DRV-CONC,DM-DRV-CONC-LD,CC-CONC,110,Yes,none,True,
SI-DRV-CONC,DM-DRV-CONC-LD,CC-TIEIN,120,Conditional,if tie-ins or edge treatment required,True,
SI-DRV-CONC,DM-DRV-CONC-LD,CC-REINSTATE,130,Yes,if reinstatement included now,True,
SI-DRV-CONC,DM-DRV-CONC-LD,CC-QA,140,Yes,none,True,
SI-DRV-ASPH,DM-DRV-ASPH-LD,CC-PRESTART,10,Yes,none,True,
SI-DRV-ASPH,DM-DRV-ASPH-LD,CC-BREAKOUT,20,Conditional,if breakout required,True,
SI-DRV-ASPH,DM-DRV-ASPH-LD,CC-LOCATE,30,Conditional,if assets within 2 m,True,
SI-DRV-ASPH,DM-DRV-ASPH-LD,CC-PROVE,40,Conditional,if assets within 2 m,True,
SI-DRV-ASPH,DM-DRV-ASPH-LD,CC-EXC,50,Yes,none,True,
SI-DRV-ASPH,DM-DRV-ASPH-LD,CC-SPOIL,60,Yes,none,True,
SI-DRV-ASPH,DM-DRV-ASPH-LD,CC-CAP,70,Conditional,if separator or capping required,True,
SI-DRV-ASPH,DM-DRV-ASPH-LD,CC-SUBBASE,80,Yes,none,True,
SI-DRV-ASPH,DM-DRV-ASPH-LD,CC-BASE,90,Yes,structural layer where required,True,
SI-DRV-ASPH,DM-DRV-ASPH-LD,CC-INSTALL,100,Yes,none,True,asphalt or gravel finish layer
SI-DRV-ASPH,DM-DRV-ASPH-LD,CC-TIEIN,110,Conditional,if tie-ins or edge treatment required,True,
SI-DRV-ASPH,DM-DRV-ASPH-LD,CC-REINSTATE,120,Yes,if reinstatement included now,True,
SI-DRV-ASPH,DM-DRV-ASPH-LD,CC-QA,130,Yes,none,True,
SI-DRV-GRAV,DM-DRV-GRAV-LD,CC-PRESTART,10,Yes,none,True,
SI-DRV-GRAV,DM-DRV-GRAV-LD,CC-BREAKOUT,20,Conditional,if breakout required,True,
SI-DRV-GRAV,DM-DRV-GRAV-LD,CC-LOCATE,30,Conditional,if assets within 2 m,True,
SI-DRV-GRAV,DM-DRV-GRAV-LD,CC-PROVE,40,Conditional,if assets within 2 m,True,
SI-DRV-GRAV,DM-DRV-GRAV-LD,CC-EXC,50,Yes,none,True,
SI-DRV-GRAV,DM-DRV-GRAV-LD,CC-SPOIL,60,Yes,none,True,
SI-DRV-GRAV,DM-DRV-GRAV-LD,CC-CAP,70,Conditional,if separator or capping required,True,
SI-DRV-GRAV,DM-DRV-GRAV-LD,CC-SUBBASE,80,Yes,none,True,
SI-DRV-GRAV,DM-DRV-GRAV-LD,CC-BASE,90,Yes,structural layer where required,True,
SI-DRV-GRAV,DM-DRV-GRAV-LD,CC-INSTALL,100,Yes,none,True,asphalt or gravel finish layer
SI-DRV-GRAV,DM-DRV-GRAV-LD,CC-TIEIN,110,Conditional,if tie-ins or edge treatment required,True,
SI-DRV-GRAV,DM-DRV-GRAV-LD,CC-REINSTATE,120,Yes,if reinstatement included now,True,
SI-DRV-GRAV,DM-DRV-GRAV-LD,CC-QA,130,Yes,none,True,
SI-HDS-CONC,DM-HDS-CONC-LD,CC-PRESTART,10,Yes,none,True,
SI-HDS-CONC,DM-HDS-CONC-LD,CC-BREAKOUT,20,Conditional,if breakout required,True,
SI-HDS-CONC,DM-HDS-CONC-LD,CC-LOCATE,30,Conditional,if assets within 2 m,True,
SI-HDS-CONC,DM-HDS-CONC-LD,CC-PROVE,40,Conditional,if assets within 2 m,True,
SI-HDS-CONC,DM-HDS-CONC-LD,CC-EXC,50,Yes,none,True,
SI-HDS-CONC,DM-HDS-CONC-LD,CC-SPOIL,60,Yes,none,True,
SI-HDS-CONC,DM-HDS-CONC-LD,CC-CAP,70,Conditional,if separator or capping required,True,
SI-HDS-CONC,DM-HDS-CONC-LD,CC-SUBBASE,80,Yes,none,True,
SI-HDS-CONC,DM-HDS-CONC-LD,CC-BASE,90,Yes,structural layer where required,True,
SI-HDS-CONC,DM-HDS-CONC-LD,CC-REINF,100,Conditional,if reinforcement required,True,
SI-HDS-CONC,DM-HDS-CONC-LD,CC-CONC,110,Yes,none,True,
SI-HDS-CONC,DM-HDS-CONC-LD,CC-TIEIN,120,Conditional,if tie-ins or edge treatment required,True,
SI-HDS-CONC,DM-HDS-CONC-LD,CC-REINSTATE,130,Yes,if reinstatement included now,True,
SI-HDS-CONC,DM-HDS-CONC-LD,CC-QA,140,Yes,none,True,
SI-HDS-CONC,DM-HDS-CONC-HD,CC-PRESTART,10,Yes,none,True,
SI-HDS-CONC,DM-HDS-CONC-HD,CC-BREAKOUT,20,Conditional,if breakout required,True,
SI-HDS-CONC,DM-HDS-CONC-HD,CC-LOCATE,30,Conditional,if assets within 2 m,True,
SI-HDS-CONC,DM-HDS-CONC-HD,CC-PROVE,40,Conditional,if assets within 2 m,True,
SI-HDS-CONC,DM-HDS-CONC-HD,CC-EXC,50,Yes,none,True,
SI-HDS-CONC,DM-HDS-CONC-HD,CC-SPOIL,60,Yes,none,True,
SI-HDS-CONC,DM-HDS-CONC-HD,CC-CAP,70,Conditional,if separator or capping required,True,
SI-HDS-CONC,DM-HDS-CONC-HD,CC-SUBBASE,80,Yes,none,True,
SI-HDS-CONC,DM-HDS-CONC-HD,CC-BASE,90,Yes,structural layer where required,True,
SI-HDS-CONC,DM-HDS-CONC-HD,CC-REINF,100,Conditional,if reinforcement required,True,
SI-HDS-CONC,DM-HDS-CONC-HD,CC-CONC,110,Yes,none,True,
SI-HDS-CONC,DM-HDS-CONC-HD,CC-TIEIN,120,Conditional,if tie-ins or edge treatment required,True,
SI-HDS-CONC,DM-HDS-CONC-HD,CC-REINSTATE,130,Yes,if reinstatement included now,True,
SI-HDS-CONC,DM-HDS-CONC-HD,CC-QA,140,Yes,none,True,
SI-HDS-ASPH,DM-HDS-ASPH-LD,CC-PRESTART,10,Yes,none,True,
SI-HDS-ASPH,DM-HDS-ASPH-LD,CC-BREAKOUT,20,Conditional,if breakout required,True,
SI-HDS-ASPH,DM-HDS-ASPH-LD,CC-LOCATE,30,Conditional,if assets within 2 m,True,
SI-HDS-ASPH,DM-HDS-ASPH-LD,CC-PROVE,40,Conditional,if assets within 2 m,True,
SI-HDS-ASPH,DM-HDS-ASPH-LD,CC-EXC,50,Yes,none,True,
SI-HDS-ASPH,DM-HDS-ASPH-LD,CC-SPOIL,60,Yes,none,True,
SI-HDS-ASPH,DM-HDS-ASPH-LD,CC-CAP,70,Conditional,if separator or capping required,True,
SI-HDS-ASPH,DM-HDS-ASPH-LD,CC-SUBBASE,80,Yes,none,True,
SI-HDS-ASPH,DM-HDS-ASPH-LD,CC-BASE,90,Yes,structural layer where required,True,
SI-HDS-ASPH,DM-HDS-ASPH-LD,CC-INSTALL,100,Yes,none,True,asphalt or gravel finish layer
SI-HDS-ASPH,DM-HDS-ASPH-LD,CC-TIEIN,110,Conditional,if tie-ins or edge treatment required,True,
SI-HDS-ASPH,DM-HDS-ASPH-LD,CC-REINSTATE,120,Yes,if reinstatement included now,True,
SI-HDS-ASPH,DM-HDS-ASPH-LD,CC-QA,130,Yes,none,True,
SI-HDS-ASPH,DM-HDS-ASPH-HD,CC-PRESTART,10,Yes,none,True,
SI-HDS-ASPH,DM-HDS-ASPH-HD,CC-BREAKOUT,20,Conditional,if breakout required,True,
SI-HDS-ASPH,DM-HDS-ASPH-HD,CC-LOCATE,30,Conditional,if assets within 2 m,True,
SI-HDS-ASPH,DM-HDS-ASPH-HD,CC-PROVE,40,Conditional,if assets within 2 m,True,
SI-HDS-ASPH,DM-HDS-ASPH-HD,CC-EXC,50,Yes,none,True,
SI-HDS-ASPH,DM-HDS-ASPH-HD,CC-SPOIL,60,Yes,none,True,
SI-HDS-ASPH,DM-HDS-ASPH-HD,CC-CAP,70,Conditional,if separator or capping required,True,
SI-HDS-ASPH,DM-HDS-ASPH-HD,CC-SUBBASE,80,Yes,none,True,
SI-HDS-ASPH,DM-HDS-ASPH-HD,CC-BASE,90,Yes,structural layer where required,True,
SI-HDS-ASPH,DM-HDS-ASPH-HD,CC-INSTALL,100,Yes,none,True,asphalt or gravel finish layer
SI-HDS-ASPH,DM-HDS-ASPH-HD,CC-TIEIN,110,Conditional,if tie-ins or edge treatment required,True,
SI-HDS-ASPH,DM-HDS-ASPH-HD,CC-REINSTATE,120,Yes,if reinstatement included now,True,
SI-HDS-ASPH,DM-HDS-ASPH-HD,CC-QA,130,Yes,none,True,
SI-HDS-GRAV,DM-HDS-GRAV-LD,CC-PRESTART,10,Yes,none,True,
SI-HDS-GRAV,DM-HDS-GRAV-LD,CC-BREAKOUT,20,Conditional,if breakout required,True,
SI-HDS-GRAV,DM-HDS-GRAV-LD,CC-LOCATE,30,Conditional,if assets within 2 m,True,
SI-HDS-GRAV,DM-HDS-GRAV-LD,CC-PROVE,40,Conditional,if assets within 2 m,True,
SI-HDS-GRAV,DM-HDS-GRAV-LD,CC-EXC,50,Yes,none,True,
SI-HDS-GRAV,DM-HDS-GRAV-LD,CC-SPOIL,60,Yes,none,True,
SI-HDS-GRAV,DM-HDS-GRAV-LD,CC-CAP,70,Conditional,if separator or capping required,True,
SI-HDS-GRAV,DM-HDS-GRAV-LD,CC-SUBBASE,80,Yes,none,True,
SI-HDS-GRAV,DM-HDS-GRAV-LD,CC-BASE,90,Yes,structural layer where required,True,
SI-HDS-GRAV,DM-HDS-GRAV-LD,CC-INSTALL,100,Yes,none,True,asphalt or gravel finish layer
SI-HDS-GRAV,DM-HDS-GRAV-LD,CC-TIEIN,110,Conditional,if tie-ins or edge treatment required,True,
SI-HDS-GRAV,DM-HDS-GRAV-LD,CC-REINSTATE,120,Yes,if reinstatement included now,True,
SI-HDS-GRAV,DM-HDS-GRAV-LD,CC-QA,130,Yes,none,True,
SI-HDS-GRAV,DM-HDS-GRAV-HD,CC-PRESTART,10,Yes,none,True,
SI-HDS-GRAV,DM-HDS-GRAV-HD,CC-BREAKOUT,20,Conditional,if breakout required,True,
SI-HDS-GRAV,DM-HDS-GRAV-HD,CC-LOCATE,30,Conditional,if assets within 2 m,True,
SI-HDS-GRAV,DM-HDS-GRAV-HD,CC-PROVE,40,Conditional,if assets within 2 m,True,
SI-HDS-GRAV,DM-HDS-GRAV-HD,CC-EXC,50,Yes,none,True,
SI-HDS-GRAV,DM-HDS-GRAV-HD,CC-SPOIL,60,Yes,none,True,
SI-HDS-GRAV,DM-HDS-GRAV-HD,CC-CAP,70,Conditional,if separator or capping required,True,
SI-HDS-GRAV,DM-HDS-GRAV-HD,CC-SUBBASE,80,Yes,none,True,
SI-HDS-GRAV,DM-HDS-GRAV-HD,CC-BASE,90,Yes,structural layer where required,True,
SI-HDS-GRAV,DM-HDS-GRAV-HD,CC-INSTALL,100,Yes,none,True,asphalt or gravel finish layer
SI-HDS-GRAV,DM-HDS-GRAV-HD,CC-TIEIN,110,Conditional,if tie-ins or edge treatment required,True,
SI-HDS-GRAV,DM-HDS-GRAV-HD,CC-REINSTATE,120,Yes,if reinstatement included now,True,
SI-HDS-GRAV,DM-HDS-GRAV-HD,CC-QA,130,Yes,none,True,
SI-PROV-NDD,DM-PROV-NDD,CC-PRESTART,10,Yes,none,True,
SI-PROV-NDD,DM-PROV-NDD,CC-LOCATE,20,Yes,none,True,
SI-PROV-NDD,DM-PROV-NDD,CC-BREAKOUT,30,Conditional,if hard surface breakout,True,
SI-PROV-NDD,DM-PROV-NDD,CC-PROVE,40,Yes,none,True,
SI-PROV-NDD,DM-PROV-NDD,CC-PROTECT,50,Conditional,if asset protection required,True,
SI-PROV-NDD,DM-PROV-NDD,CC-SPOIL,60,Yes,none,True,
SI-PROV-NDD,DM-PROV-NDD,CC-MAKESAFE,70,Conditional,if leave-safe required,True,
SI-PROV-NDD,DM-PROV-NDD,CC-REINSTATE,80,Conditional,if reinstatement included now,True,
SI-PROV-NDD,DM-PROV-NDD,CC-QA,90,Yes,none,True,
SI-PROV-POT,DM-PROV-POT,CC-PRESTART,10,Yes,none,True,
SI-PROV-POT,DM-PROV-POT,CC-LOCATE,20,Yes,none,True,
SI-PROV-POT,DM-PROV-POT,CC-BREAKOUT,30,Conditional,if hard surface breakout,True,
SI-PROV-POT,DM-PROV-POT,CC-PROVE,40,Yes,none,True,
SI-PROV-POT,DM-PROV-POT,CC-PROTECT,50,Conditional,if asset protection required,True,
SI-PROV-POT,DM-PROV-POT,CC-SPOIL,60,Yes,none,True,
SI-PROV-POT,DM-PROV-POT,CC-MAKESAFE,70,Conditional,if leave-safe required,True,
SI-PROV-POT,DM-PROV-POT,CC-REINSTATE,80,Conditional,if reinstatement included now,True,
SI-PROV-POT,DM-PROV-POT,CC-QA,90,Yes,none,True,
SI-PROV-SLOT,DM-PROV-SLOT,CC-PRESTART,10,Yes,none,True,
SI-PROV-SLOT,DM-PROV-SLOT,CC-LOCATE,20,Yes,none,True,
SI-PROV-SLOT,DM-PROV-SLOT,CC-BREAKOUT,30,Conditional,if hard surface breakout,True,
SI-PROV-SLOT,DM-PROV-SLOT,CC-PROVE,40,Yes,none,True,
SI-PROV-SLOT,DM-PROV-SLOT,CC-PROTECT,50,Conditional,if asset protection required,True,
SI-PROV-SLOT,DM-PROV-SLOT,CC-SPOIL,60,Yes,none,True,
SI-PROV-SLOT,DM-PROV-SLOT,CC-MAKESAFE,70,Conditional,if leave-safe required,True,
SI-PROV-SLOT,DM-PROV-SLOT,CC-REINSTATE,80,Conditional,if reinstatement included now,True,
SI-PROV-SLOT,DM-PROV-SLOT,CC-QA,90,Yes,none,True,
SI-PROV-BREXP,DM-PROV-BREXP,CC-PRESTART,10,Yes,none,True,
SI-PROV-BREXP,DM-PROV-BREXP,CC-LOCATE,20,Yes,none,True,
SI-PROV-BREXP,DM-PROV-BREXP,CC-BREAKOUT,30,Conditional,if hard surface breakout,True,
SI-PROV-BREXP,DM-PROV-BREXP,CC-PROVE,40,Yes,none,True,
SI-PROV-BREXP,DM-PROV-BREXP,CC-PROTECT,50,Conditional,if asset protection required,True,
SI-PROV-BREXP,DM-PROV-BREXP,CC-SPOIL,60,Yes,none,True,
SI-PROV-BREXP,DM-PROV-BREXP,CC-MAKESAFE,70,Conditional,if leave-safe required,True,
SI-PROV-BREXP,DM-PROV-BREXP,CC-REINSTATE,80,Conditional,if reinstatement included now,True,
SI-PROV-BREXP,DM-PROV-BREXP,CC-QA,90,Yes,none,True,
SI-PROV-PITINV,DM-PROV-PITINV,CC-PRESTART,10,Yes,none,True,
SI-PROV-PITINV,DM-PROV-PITINV,CC-LOCATE,20,Yes,none,True,
SI-PROV-PITINV,DM-PROV-PITINV,CC-BREAKOUT,30,Conditional,if hard surface breakout,True,
SI-PROV-PITINV,DM-PROV-PITINV,CC-PROVE,40,Yes,none,True,
SI-PROV-PITINV,DM-PROV-PITINV,CC-PROTECT,50,Conditional,if asset protection required,True,
SI-PROV-PITINV,DM-PROV-PITINV,CC-SPOIL,60,Yes,none,True,
SI-PROV-PITINV,DM-PROV-PITINV,CC-MAKESAFE,70,Conditional,if leave-safe required,True,
SI-PROV-PITINV,DM-PROV-PITINV,CC-REINSTATE,80,Conditional,if reinstatement included now,True,
SI-PROV-PITINV,DM-PROV-PITINV,CC-QA,90,Yes,none,True,
SI-FOUND-SHELTER,DM-FOUND-SHELTER-STD,CC-PRESTART,10,Yes,none,True,
SI-FOUND-SHELTER,DM-FOUND-SHELTER-STD,CC-LOCATE,20,Conditional,if assets within 2 m,True,
SI-FOUND-SHELTER,DM-FOUND-SHELTER-STD,CC-PROVE,30,Conditional,if assets within 2 m,True,
SI-FOUND-SHELTER,DM-FOUND-SHELTER-STD,CC-INSTALL,40,Yes,drill / bore path plugs in here,True,
SI-FOUND-SHELTER,DM-FOUND-SHELTER-STD,CC-REINF,50,Conditional,cage path,True,
SI-FOUND-SHELTER,DM-FOUND-SHELTER-STD,CC-CONC,60,Yes,none,True,
SI-FOUND-SHELTER,DM-FOUND-SHELTER-STD,CC-TIEIN,70,Conditional,post / starter interface,True,
SI-FOUND-SHELTER,DM-FOUND-SHELTER-STD,CC-BFILL,80,Conditional,if local backfill required,True,
SI-FOUND-SHELTER,DM-FOUND-SHELTER-STD,CC-REINSTATE,90,Yes,none,True,
SI-FOUND-SHELTER,DM-FOUND-SHELTER-STD,CC-QA,100,Yes,none,True,
SI-FOUND-SOLAR,DM-FOUND-SOLAR-STD,CC-PRESTART,10,Yes,none,True,
SI-FOUND-SOLAR,DM-FOUND-SOLAR-STD,CC-LOCATE,20,Conditional,if assets within 2 m,True,
SI-FOUND-SOLAR,DM-FOUND-SOLAR-STD,CC-PROVE,30,Conditional,if assets within 2 m,True,
SI-FOUND-SOLAR,DM-FOUND-SOLAR-STD,CC-INSTALL,40,Yes,drill / bore path plugs in here,True,
SI-FOUND-SOLAR,DM-FOUND-SOLAR-STD,CC-REINF,50,Conditional,cage path,True,
SI-FOUND-SOLAR,DM-FOUND-SOLAR-STD,CC-CONC,60,Yes,none,True,
SI-FOUND-SOLAR,DM-FOUND-SOLAR-STD,CC-TIEIN,70,Conditional,post / starter interface,True,
SI-FOUND-SOLAR,DM-FOUND-SOLAR-STD,CC-BFILL,80,Conditional,if local backfill required,True,
SI-FOUND-SOLAR,DM-FOUND-SOLAR-STD,CC-REINSTATE,90,Yes,none,True,
SI-FOUND-SOLAR,DM-FOUND-SOLAR-STD,CC-QA,100,Yes,none,True,
SI-FOUND-FENCE,DM-FOUND-FENCE-STD,CC-PRESTART,10,Yes,none,True,
SI-FOUND-FENCE,DM-FOUND-FENCE-STD,CC-LOCATE,20,Conditional,if assets within 2 m,True,
SI-FOUND-FENCE,DM-FOUND-FENCE-STD,CC-PROVE,30,Conditional,if assets within 2 m,True,
SI-FOUND-FENCE,DM-FOUND-FENCE-STD,CC-INSTALL,40,Yes,drill / bore path plugs in here,True,
SI-FOUND-FENCE,DM-FOUND-FENCE-STD,CC-REINF,50,Conditional,cage path,True,
SI-FOUND-FENCE,DM-FOUND-FENCE-STD,CC-CONC,60,Yes,none,True,
SI-FOUND-FENCE,DM-FOUND-FENCE-STD,CC-TIEIN,70,Conditional,post / starter interface,True,
SI-FOUND-FENCE,DM-FOUND-FENCE-STD,CC-BFILL,80,Conditional,if local backfill required,True,
SI-FOUND-FENCE,DM-FOUND-FENCE-STD,CC-REINSTATE,90,Yes,none,True,
SI-FOUND-FENCE,DM-FOUND-FENCE-STD,CC-QA,100,Yes,none,True,
SI-FOUND-GEN,DM-FOUND-GEN-STD,CC-PRESTART,10,Yes,none,True,
SI-FOUND-GEN,DM-FOUND-GEN-STD,CC-LOCATE,20,Conditional,if assets within 2 m,True,
SI-FOUND-GEN,DM-FOUND-GEN-STD,CC-PROVE,30,Conditional,if assets within 2 m,True,
SI-FOUND-GEN,DM-FOUND-GEN-STD,CC-INSTALL,40,Yes,drill / bore path plugs in here,True,
SI-FOUND-GEN,DM-FOUND-GEN-STD,CC-REINF,50,Conditional,cage path,True,
SI-FOUND-GEN,DM-FOUND-GEN-STD,CC-CONC,60,Yes,none,True,
SI-FOUND-GEN,DM-FOUND-GEN-STD,CC-TIEIN,70,Conditional,post / starter interface,True,
SI-FOUND-GEN,DM-FOUND-GEN-STD,CC-BFILL,80,Conditional,if local backfill required,True,
SI-FOUND-GEN,DM-FOUND-GEN-STD,CC-REINSTATE,90,Yes,none,True,
SI-FOUND-GEN,DM-FOUND-GEN-STD,CC-QA,100,Yes,none,True,
SI-FOUND-SLABPIER,DM-FOUND-SLABPIER-STD,CC-PRESTART,10,Yes,none,True,
SI-FOUND-SLABPIER,DM-FOUND-SLABPIER-STD,CC-LOCATE,20,Conditional,if assets within 2 m,True,
SI-FOUND-SLABPIER,DM-FOUND-SLABPIER-STD,CC-PROVE,30,Conditional,if assets within 2 m,True,
SI-FOUND-SLABPIER,DM-FOUND-SLABPIER-STD,CC-INSTALL,40,Yes,drill / bore path plugs in here,True,
SI-FOUND-SLABPIER,DM-FOUND-SLABPIER-STD,CC-REINF,50,Conditional,cage path,True,
SI-FOUND-SLABPIER,DM-FOUND-SLABPIER-STD,CC-CONC,60,Yes,none,True,
SI-FOUND-SLABPIER,DM-FOUND-SLABPIER-STD,CC-TIEIN,70,Conditional,post / starter interface,True,
SI-FOUND-SLABPIER,DM-FOUND-SLABPIER-STD,CC-BFILL,80,Conditional,if local backfill required,True,
SI-FOUND-SLABPIER,DM-FOUND-SLABPIER-STD,CC-REINSTATE,90,Yes,none,True,
SI-FOUND-SLABPIER,DM-FOUND-SLABPIER-STD,CC-QA,100,Yes,none,True,
SI-SLAB-GEN,DM-SLAB-GEN-STD,CC-PRESTART,10,Yes,none,True,
SI-SLAB-GEN,DM-SLAB-GEN-STD,CC-BREAKOUT,20,Conditional,if breakout required,True,
SI-SLAB-GEN,DM-SLAB-GEN-STD,CC-LOCATE,30,Conditional,if assets within 2 m,True,
SI-SLAB-GEN,DM-SLAB-GEN-STD,CC-PROVE,40,Conditional,if assets within 2 m,True,
SI-SLAB-GEN,DM-SLAB-GEN-STD,CC-EXC,50,Yes,none,True,
SI-SLAB-GEN,DM-SLAB-GEN-STD,CC-SPOIL,60,Yes,none,True,
SI-SLAB-GEN,DM-SLAB-GEN-STD,CC-CAP,70,Conditional,if separator or capping required,True,
SI-SLAB-GEN,DM-SLAB-GEN-STD,CC-SUBBASE,80,Yes,none,True,
SI-SLAB-GEN,DM-SLAB-GEN-STD,CC-REINF,90,Conditional,if reinforcement / cast-ins required,True,
SI-SLAB-GEN,DM-SLAB-GEN-STD,CC-CONC,100,Yes,none,True,
SI-SLAB-GEN,DM-SLAB-GEN-STD,CC-TIEIN,110,Conditional,grout / anchors / interface works,True,
SI-SLAB-GEN,DM-SLAB-GEN-STD,CC-BFILL,120,Conditional,if edge backfill required,True,
SI-SLAB-GEN,DM-SLAB-GEN-STD,CC-REINSTATE,130,Yes,none,True,
SI-SLAB-GEN,DM-SLAB-GEN-STD,CC-QA,140,Yes,none,True,
SI-SLAB-PLINTH,DM-SLAB-PLINTH-STD,CC-PRESTART,10,Yes,none,True,
SI-SLAB-PLINTH,DM-SLAB-PLINTH-STD,CC-BREAKOUT,20,Conditional,if breakout required,True,
SI-SLAB-PLINTH,DM-SLAB-PLINTH-STD,CC-LOCATE,30,Conditional,if assets within 2 m,True,
SI-SLAB-PLINTH,DM-SLAB-PLINTH-STD,CC-PROVE,40,Conditional,if assets within 2 m,True,
SI-SLAB-PLINTH,DM-SLAB-PLINTH-STD,CC-EXC,50,Yes,none,True,
SI-SLAB-PLINTH,DM-SLAB-PLINTH-STD,CC-SPOIL,60,Yes,none,True,
SI-SLAB-PLINTH,DM-SLAB-PLINTH-STD,CC-CAP,70,Conditional,if separator or capping required,True,
SI-SLAB-PLINTH,DM-SLAB-PLINTH-STD,CC-SUBBASE,80,Yes,none,True,
SI-SLAB-PLINTH,DM-SLAB-PLINTH-STD,CC-REINF,90,Conditional,if reinforcement / cast-ins required,True,
SI-SLAB-PLINTH,DM-SLAB-PLINTH-STD,CC-CONC,100,Yes,none,True,
SI-SLAB-PLINTH,DM-SLAB-PLINTH-STD,CC-TIEIN,110,Conditional,grout / anchors / interface works,True,
SI-SLAB-PLINTH,DM-SLAB-PLINTH-STD,CC-BFILL,120,Conditional,if edge backfill required,True,
SI-SLAB-PLINTH,DM-SLAB-PLINTH-STD,CC-REINSTATE,130,Yes,none,True,
SI-SLAB-PLINTH,DM-SLAB-PLINTH-STD,CC-QA,140,Yes,none,True,
SI-SLAB-STEP,DM-SLAB-STEP-STD,CC-PRESTART,10,Yes,none,True,
SI-SLAB-STEP,DM-SLAB-STEP-STD,CC-BREAKOUT,20,Conditional,if breakout required,True,
SI-SLAB-STEP,DM-SLAB-STEP-STD,CC-LOCATE,30,Conditional,if assets within 2 m,True,
SI-SLAB-STEP,DM-SLAB-STEP-STD,CC-PROVE,40,Conditional,if assets within 2 m,True,
SI-SLAB-STEP,DM-SLAB-STEP-STD,CC-EXC,50,Yes,none,True,
SI-SLAB-STEP,DM-SLAB-STEP-STD,CC-SPOIL,60,Yes,none,True,
SI-SLAB-STEP,DM-SLAB-STEP-STD,CC-CAP,70,Conditional,if separator or capping required,True,
SI-SLAB-STEP,DM-SLAB-STEP-STD,CC-SUBBASE,80,Yes,none,True,
SI-SLAB-STEP,DM-SLAB-STEP-STD,CC-REINF,90,Conditional,if reinforcement / cast-ins required,True,
SI-SLAB-STEP,DM-SLAB-STEP-STD,CC-CONC,100,Yes,none,True,
SI-SLAB-STEP,DM-SLAB-STEP-STD,CC-TIEIN,110,Conditional,grout / anchors / interface works,True,
SI-SLAB-STEP,DM-SLAB-STEP-STD,CC-BFILL,120,Conditional,if edge backfill required,True,
SI-SLAB-STEP,DM-SLAB-STEP-STD,CC-REINSTATE,130,Yes,none,True,
SI-SLAB-STEP,DM-SLAB-STEP-STD,CC-QA,140,Yes,none,True,
SI-SLAB-EDGE,DM-SLAB-EDGE-STD,CC-PRESTART,10,Yes,none,True,
SI-SLAB-EDGE,DM-SLAB-EDGE-STD,CC-BREAKOUT,20,Conditional,if breakout required,True,
SI-SLAB-EDGE,DM-SLAB-EDGE-STD,CC-LOCATE,30,Conditional,if assets within 2 m,True,
SI-SLAB-EDGE,DM-SLAB-EDGE-STD,CC-PROVE,40,Conditional,if assets within 2 m,True,
SI-SLAB-EDGE,DM-SLAB-EDGE-STD,CC-EXC,50,Yes,none,True,
SI-SLAB-EDGE,DM-SLAB-EDGE-STD,CC-SPOIL,60,Yes,none,True,
SI-SLAB-EDGE,DM-SLAB-EDGE-STD,CC-CAP,70,Conditional,if separator or capping required,True,
SI-SLAB-EDGE,DM-SLAB-EDGE-STD,CC-SUBBASE,80,Yes,none,True,
SI-SLAB-EDGE,DM-SLAB-EDGE-STD,CC-REINF,90,Conditional,if reinforcement / cast-ins required,True,
SI-SLAB-EDGE,DM-SLAB-EDGE-STD,CC-CONC,100,Yes,none,True,
SI-SLAB-EDGE,DM-SLAB-EDGE-STD,CC-TIEIN,110,Conditional,grout / anchors / interface works,True,
SI-SLAB-EDGE,DM-SLAB-EDGE-STD,CC-BFILL,120,Conditional,if edge backfill required,True,
SI-SLAB-EDGE,DM-SLAB-EDGE-STD,CC-REINSTATE,130,Yes,none,True,
SI-SLAB-EDGE,DM-SLAB-EDGE-STD,CC-QA,140,Yes,none,True,
SI-EW-LOCAL,DM-EW-LOCAL,CC-PRESTART,10,Yes,none,True,
SI-EW-LOCAL,DM-EW-LOCAL,CC-BREAKOUT,20,Conditional,if breakout required,True,
SI-EW-LOCAL,DM-EW-LOCAL,CC-LOCATE,30,Conditional,if assets within 2 m,True,
SI-EW-LOCAL,DM-EW-LOCAL,CC-PROVE,40,Conditional,if assets within 2 m,True,
SI-EW-LOCAL,DM-EW-LOCAL,CC-EXC,50,Yes,none,True,
SI-EW-LOCAL,DM-EW-LOCAL,CC-SPOIL,60,Yes,none,True,
SI-EW-LOCAL,DM-EW-LOCAL,CC-BFILL,70,Conditional,if backfill required,True,
SI-EW-LOCAL,DM-EW-LOCAL,CC-REINSTATE,80,Conditional,if local reinstatement required,True,
SI-EW-LOCAL,DM-EW-LOCAL,CC-QA,90,Yes,none,True,
SI-EW-BULK,DM-EW-BULK,CC-PRESTART,10,Yes,none,True,
SI-EW-BULK,DM-EW-BULK,CC-BREAKOUT,20,Conditional,if breakout required,True,
SI-EW-BULK,DM-EW-BULK,CC-LOCATE,30,Conditional,if assets within 2 m,True,
SI-EW-BULK,DM-EW-BULK,CC-PROVE,40,Conditional,if assets within 2 m,True,
SI-EW-BULK,DM-EW-BULK,CC-EXC,50,Yes,none,True,
SI-EW-BULK,DM-EW-BULK,CC-SPOIL,60,Yes,none,True,
SI-EW-BULK,DM-EW-BULK,CC-QA,70,Yes,none,True,
SI-EW-SITEFILL,DM-EW-SITEFILL,CC-PRESTART,10,Yes,none,True,
SI-EW-SITEFILL,DM-EW-SITEFILL,CC-BREAKOUT,20,Conditional,if breakout required,True,
SI-EW-SITEFILL,DM-EW-SITEFILL,CC-LOCATE,30,Conditional,if assets within 2 m,True,
SI-EW-SITEFILL,DM-EW-SITEFILL,CC-PROVE,40,Conditional,if assets within 2 m,True,
SI-EW-SITEFILL,DM-EW-SITEFILL,CC-CAP,50,Conditional,if separator or capping required,True,
SI-EW-SITEFILL,DM-EW-SITEFILL,CC-INSTALL,60,Yes,fill placement,True,
SI-EW-SITEFILL,DM-EW-SITEFILL,CC-BFILL,70,Yes,none,True,
SI-EW-SITEFILL,DM-EW-SITEFILL,CC-QA,80,Yes,none,True,
SI-EW-IMPFILL,DM-EW-IMPFILL,CC-PRESTART,10,Yes,none,True,
SI-EW-IMPFILL,DM-EW-IMPFILL,CC-BREAKOUT,20,Conditional,if breakout required,True,
SI-EW-IMPFILL,DM-EW-IMPFILL,CC-LOCATE,30,Conditional,if assets within 2 m,True,
SI-EW-IMPFILL,DM-EW-IMPFILL,CC-PROVE,40,Conditional,if assets within 2 m,True,
SI-EW-IMPFILL,DM-EW-IMPFILL,CC-CAP,50,Conditional,if separator or capping required,True,
SI-EW-IMPFILL,DM-EW-IMPFILL,CC-INSTALL,60,Yes,fill placement,True,
SI-EW-IMPFILL,DM-EW-IMPFILL,CC-BFILL,70,Yes,none,True,
SI-EW-IMPFILL,DM-EW-IMPFILL,CC-QA,80,Yes,none,True,
SI-EW-SELFILL,DM-EW-SELFILL,CC-PRESTART,10,Yes,none,True,
SI-EW-SELFILL,DM-EW-SELFILL,CC-BREAKOUT,20,Conditional,if breakout required,True,
SI-EW-SELFILL,DM-EW-SELFILL,CC-LOCATE,30,Conditional,if assets within 2 m,True,
SI-EW-SELFILL,DM-EW-SELFILL,CC-PROVE,40,Conditional,if assets within 2 m,True,
SI-EW-SELFILL,DM-EW-SELFILL,CC-CAP,50,Conditional,if separator or capping required,True,
SI-EW-SELFILL,DM-EW-SELFILL,CC-INSTALL,60,Yes,fill placement,True,
SI-EW-SELFILL,DM-EW-SELFILL,CC-BFILL,70,Yes,none,True,
SI-EW-SELFILL,DM-EW-SELFILL,CC-QA,80,Yes,none,True,
SI-EW-CRUSHBF,DM-EW-CRUSHBF,CC-PRESTART,10,Yes,none,True,
SI-EW-CRUSHBF,DM-EW-CRUSHBF,CC-BREAKOUT,20,Conditional,if breakout required,True,
SI-EW-CRUSHBF,DM-EW-CRUSHBF,CC-LOCATE,30,Conditional,if assets within 2 m,True,
SI-EW-CRUSHBF,DM-EW-CRUSHBF,CC-PROVE,40,Conditional,if assets within 2 m,True,
SI-EW-CRUSHBF,DM-EW-CRUSHBF,CC-CAP,50,Conditional,if separator or capping required,True,
SI-EW-CRUSHBF,DM-EW-CRUSHBF,CC-INSTALL,60,Yes,fill placement,True,
SI-EW-CRUSHBF,DM-EW-CRUSHBF,CC-BFILL,70,Yes,none,True,
SI-EW-CRUSHBF,DM-EW-CRUSHBF,CC-QA,80,Yes,none,True,
SI-DRAIN-PVC,DM-DRAIN-PVC-STD,CC-PRESTART,10,Yes,none,True,
SI-DRAIN-PVC,DM-DRAIN-PVC-STD,CC-LOCATE,20,Conditional,if assets within 2 m,True,
SI-DRAIN-PVC,DM-DRAIN-PVC-STD,CC-PROVE,30,Conditional,if assets within 2 m,True,
SI-DRAIN-PVC,DM-DRAIN-PVC-STD,CC-BREAKOUT,40,Conditional,if breakout required,True,
SI-DRAIN-PVC,DM-DRAIN-PVC-STD,CC-EXC,50,Yes,none,True,
SI-DRAIN-PVC,DM-DRAIN-PVC-STD,CC-SPOIL,60,Yes,none,True,
SI-DRAIN-PVC,DM-DRAIN-PVC-STD,CC-BEDDING,70,Yes,bedding / levelling,True,
SI-DRAIN-PVC,DM-DRAIN-PVC-STD,CC-INSTALL,80,Yes,pipe / structure / minor civils install,True,
SI-DRAIN-PVC,DM-DRAIN-PVC-STD,CC-BFILL,90,Yes,backfill / surround where required,True,
SI-DRAIN-PVC,DM-DRAIN-PVC-STD,CC-REINSTATE,100,Conditional,if local reinstatement required,True,
SI-DRAIN-PVC,DM-DRAIN-PVC-STD,CC-QA,110,Yes,none,True,
SI-DRAIN-RCP,DM-DRAIN-RCP-STD,CC-PRESTART,10,Yes,none,True,
SI-DRAIN-RCP,DM-DRAIN-RCP-STD,CC-LOCATE,20,Conditional,if assets within 2 m,True,
SI-DRAIN-RCP,DM-DRAIN-RCP-STD,CC-PROVE,30,Conditional,if assets within 2 m,True,
SI-DRAIN-RCP,DM-DRAIN-RCP-STD,CC-BREAKOUT,40,Conditional,if breakout required,True,
SI-DRAIN-RCP,DM-DRAIN-RCP-STD,CC-EXC,50,Yes,none,True,
SI-DRAIN-RCP,DM-DRAIN-RCP-STD,CC-SPOIL,60,Yes,none,True,
SI-DRAIN-RCP,DM-DRAIN-RCP-STD,CC-BEDDING,70,Yes,bedding / levelling,True,
SI-DRAIN-RCP,DM-DRAIN-RCP-STD,CC-INSTALL,80,Yes,pipe / structure / minor civils install,True,
SI-DRAIN-RCP,DM-DRAIN-RCP-STD,CC-BFILL,90,Yes,backfill / surround where required,True,
SI-DRAIN-RCP,DM-DRAIN-RCP-STD,CC-REINSTATE,100,Conditional,if local reinstatement required,True,
SI-DRAIN-RCP,DM-DRAIN-RCP-STD,CC-QA,110,Yes,none,True,
SI-DRAIN-SWAL,DM-DRAIN-SWAL-STD,CC-PRESTART,10,Yes,none,True,
SI-DRAIN-SWAL,DM-DRAIN-SWAL-STD,CC-LOCATE,20,Conditional,if assets within 2 m,True,
SI-DRAIN-SWAL,DM-DRAIN-SWAL-STD,CC-PROVE,30,Conditional,if assets within 2 m,True,
SI-DRAIN-SWAL,DM-DRAIN-SWAL-STD,CC-BREAKOUT,40,Conditional,if breakout required,True,
SI-DRAIN-SWAL,DM-DRAIN-SWAL-STD,CC-EXC,50,Yes,none,True,
SI-DRAIN-SWAL,DM-DRAIN-SWAL-STD,CC-SPOIL,60,Yes,none,True,
SI-DRAIN-SWAL,DM-DRAIN-SWAL-STD,CC-BEDDING,70,Conditional,bedding / levelling,True,
SI-DRAIN-SWAL,DM-DRAIN-SWAL-STD,CC-INSTALL,80,Yes,pipe / structure / minor civils install,True,
SI-DRAIN-SWAL,DM-DRAIN-SWAL-STD,CC-BFILL,90,Conditional,backfill / surround where required,True,
SI-DRAIN-SWAL,DM-DRAIN-SWAL-STD,CC-REINSTATE,100,Conditional,if local reinstatement required,True,
SI-DRAIN-SWAL,DM-DRAIN-SWAL-STD,CC-QA,110,Yes,none,True,
SI-DRAIN-PIT,DM-DRAIN-PIT-STD,CC-PRESTART,10,Yes,none,True,
SI-DRAIN-PIT,DM-DRAIN-PIT-STD,CC-LOCATE,20,Conditional,if assets within 2 m,True,
SI-DRAIN-PIT,DM-DRAIN-PIT-STD,CC-PROVE,30,Conditional,if assets within 2 m,True,
SI-DRAIN-PIT,DM-DRAIN-PIT-STD,CC-BREAKOUT,40,Conditional,if breakout required,True,
SI-DRAIN-PIT,DM-DRAIN-PIT-STD,CC-EXC,50,Yes,none,True,
SI-DRAIN-PIT,DM-DRAIN-PIT-STD,CC-SPOIL,60,Yes,none,True,
SI-DRAIN-PIT,DM-DRAIN-PIT-STD,CC-BEDDING,70,Yes,bedding / levelling,True,
SI-DRAIN-PIT,DM-DRAIN-PIT-STD,CC-INSTALL,80,Yes,pipe / structure / minor civils install,True,
SI-DRAIN-PIT,DM-DRAIN-PIT-STD,CC-BFILL,90,Yes,backfill / surround where required,True,
SI-DRAIN-PIT,DM-DRAIN-PIT-STD,CC-REINSTATE,100,Conditional,if local reinstatement required,True,
SI-DRAIN-PIT,DM-DRAIN-PIT-STD,CC-QA,110,Yes,none,True,
SI-DRAIN-KG,DM-DRAIN-KG-STD,CC-PRESTART,10,Yes,none,True,
SI-DRAIN-KG,DM-DRAIN-KG-STD,CC-LOCATE,20,Conditional,if assets within 2 m,True,
SI-DRAIN-KG,DM-DRAIN-KG-STD,CC-PROVE,30,Conditional,if assets within 2 m,True,
SI-DRAIN-KG,DM-DRAIN-KG-STD,CC-BREAKOUT,40,Conditional,if breakout required,True,
SI-DRAIN-KG,DM-DRAIN-KG-STD,CC-EXC,50,Yes,none,True,
SI-DRAIN-KG,DM-DRAIN-KG-STD,CC-SPOIL,60,Yes,none,True,
SI-DRAIN-KG,DM-DRAIN-KG-STD,CC-BEDDING,70,Conditional,bedding / levelling,True,
SI-DRAIN-KG,DM-DRAIN-KG-STD,CC-INSTALL,80,Yes,pipe / structure / minor civils install,True,
SI-DRAIN-KG,DM-DRAIN-KG-STD,CC-BFILL,90,Conditional,backfill / surround where required,True,
SI-DRAIN-KG,DM-DRAIN-KG-STD,CC-REINSTATE,100,Conditional,if local reinstatement required,True,
SI-DRAIN-KG,DM-DRAIN-KG-STD,CC-QA,110,Yes,none,True,
SI-DRAIN-LKB,DM-DRAIN-LKB-STD,CC-PRESTART,10,Yes,none,True,
SI-DRAIN-LKB,DM-DRAIN-LKB-STD,CC-LOCATE,20,Conditional,if assets within 2 m,True,
SI-DRAIN-LKB,DM-DRAIN-LKB-STD,CC-PROVE,30,Conditional,if assets within 2 m,True,
SI-DRAIN-LKB,DM-DRAIN-LKB-STD,CC-BREAKOUT,40,Conditional,if breakout required,True,
SI-DRAIN-LKB,DM-DRAIN-LKB-STD,CC-EXC,50,Yes,none,True,
SI-DRAIN-LKB,DM-DRAIN-LKB-STD,CC-SPOIL,60,Yes,none,True,
SI-DRAIN-LKB,DM-DRAIN-LKB-STD,CC-BEDDING,70,Conditional,bedding / levelling,True,
SI-DRAIN-LKB,DM-DRAIN-LKB-STD,CC-INSTALL,80,Yes,pipe / structure / minor civils install,True,
SI-DRAIN-LKB,DM-DRAIN-LKB-STD,CC-BFILL,90,Conditional,backfill / surround where required,True,
SI-DRAIN-LKB,DM-DRAIN-LKB-STD,CC-REINSTATE,100,Conditional,if local reinstatement required,True,
SI-DRAIN-LKB,DM-DRAIN-LKB-STD,CC-QA,110,Yes,none,True,
SI-DRAIN-XS,DM-DRAIN-XS-STD,CC-PRESTART,10,Yes,none,True,
SI-DRAIN-XS,DM-DRAIN-XS-STD,CC-LOCATE,20,Conditional,if assets within 2 m,True,
SI-DRAIN-XS,DM-DRAIN-XS-STD,CC-PROVE,30,Conditional,if assets within 2 m,True,
SI-DRAIN-XS,DM-DRAIN-XS-STD,CC-BREAKOUT,40,Conditional,if breakout required,True,
SI-DRAIN-XS,DM-DRAIN-XS-STD,CC-EXC,50,Yes,none,True,
SI-DRAIN-XS,DM-DRAIN-XS-STD,CC-SPOIL,60,Yes,none,True,
SI-DRAIN-XS,DM-DRAIN-XS-STD,CC-BEDDING,70,Conditional,bedding / levelling,True,
SI-DRAIN-XS,DM-DRAIN-XS-STD,CC-INSTALL,80,Yes,pipe / structure / minor civils install,True,
SI-DRAIN-XS,DM-DRAIN-XS-STD,CC-BFILL,90,Conditional,backfill / surround where required,True,
SI-DRAIN-XS,DM-DRAIN-XS-STD,CC-REINSTATE,100,Conditional,if local reinstatement required,True,
SI-DRAIN-XS,DM-DRAIN-XS-STD,CC-QA,110,Yes,none,True,
SI-DRAIN-XD,DM-DRAIN-XD-STD,CC-PRESTART,10,Yes,none,True,
SI-DRAIN-XD,DM-DRAIN-XD-STD,CC-LOCATE,20,Conditional,if assets within 2 m,True,
SI-DRAIN-XD,DM-DRAIN-XD-STD,CC-PROVE,30,Conditional,if assets within 2 m,True,
SI-DRAIN-XD,DM-DRAIN-XD-STD,CC-BREAKOUT,40,Conditional,if breakout required,True,
SI-DRAIN-XD,DM-DRAIN-XD-STD,CC-EXC,50,Yes,none,True,
SI-DRAIN-XD,DM-DRAIN-XD-STD,CC-SPOIL,60,Yes,none,True,
SI-DRAIN-XD,DM-DRAIN-XD-STD,CC-BEDDING,70,Conditional,bedding / levelling,True,
SI-DRAIN-XD,DM-DRAIN-XD-STD,CC-INSTALL,80,Yes,pipe / structure / minor civils install,True,
SI-DRAIN-XD,DM-DRAIN-XD-STD,CC-BFILL,90,Conditional,backfill / surround where required,True,
SI-DRAIN-XD,DM-DRAIN-XD-STD,CC-REINSTATE,100,Conditional,if local reinstatement required,True,
SI-DRAIN-XD,DM-DRAIN-XD-STD,CC-QA,110,Yes,none,True,
SI-DRAIN-RWB,DM-DRAIN-RWB-STD,CC-PRESTART,10,Yes,none,True,
SI-DRAIN-RWB,DM-DRAIN-RWB-STD,CC-LOCATE,20,Conditional,if assets within 2 m,True,
SI-DRAIN-RWB,DM-DRAIN-RWB-STD,CC-PROVE,30,Conditional,if assets within 2 m,True,
SI-DRAIN-RWB,DM-DRAIN-RWB-STD,CC-BREAKOUT,40,Conditional,if breakout required,True,
SI-DRAIN-RWB,DM-DRAIN-RWB-STD,CC-EXC,50,Yes,none,True,
SI-DRAIN-RWB,DM-DRAIN-RWB-STD,CC-SPOIL,60,Yes,none,True,
SI-DRAIN-RWB,DM-DRAIN-RWB-STD,CC-BEDDING,70,Conditional,bedding / levelling,True,
SI-DRAIN-RWB,DM-DRAIN-RWB-STD,CC-INSTALL,80,Yes,pipe / structure / minor civils install,True,
SI-DRAIN-RWB,DM-DRAIN-RWB-STD,CC-BFILL,90,Conditional,backfill / surround where required,True,
SI-DRAIN-RWB,DM-DRAIN-RWB-STD,CC-REINSTATE,100,Conditional,if local reinstatement required,True,
SI-DRAIN-RWB,DM-DRAIN-RWB-STD,CC-QA,110,Yes,none,True,
SI-DRAIN-RWC,DM-DRAIN-RWC-STD,CC-PRESTART,10,Yes,none,True,
SI-DRAIN-RWC,DM-DRAIN-RWC-STD,CC-LOCATE,20,Conditional,if assets within 2 m,True,
SI-DRAIN-RWC,DM-DRAIN-RWC-STD,CC-PROVE,30,Conditional,if assets within 2 m,True,
SI-DRAIN-RWC,DM-DRAIN-RWC-STD,CC-BREAKOUT,40,Conditional,if breakout required,True,
SI-DRAIN-RWC,DM-DRAIN-RWC-STD,CC-EXC,50,Yes,none,True,
SI-DRAIN-RWC,DM-DRAIN-RWC-STD,CC-SPOIL,60,Yes,none,True,
SI-DRAIN-RWC,DM-DRAIN-RWC-STD,CC-BEDDING,70,Conditional,bedding / levelling,True,
SI-DRAIN-RWC,DM-DRAIN-RWC-STD,CC-INSTALL,80,Yes,pipe / structure / minor civils install,True,
SI-DRAIN-RWC,DM-DRAIN-RWC-STD,CC-BFILL,90,Conditional,backfill / surround where required,True,
SI-DRAIN-RWC,DM-DRAIN-RWC-STD,CC-REINSTATE,100,Conditional,if local reinstatement required,True,
SI-DRAIN-RWC,DM-DRAIN-RWC-STD,CC-QA,110,Yes,none,True,
SI-DRAIN-RWT,DM-DRAIN-RWT-STD,CC-PRESTART,10,Yes,none,True,
SI-DRAIN-RWT,DM-DRAIN-RWT-STD,CC-LOCATE,20,Conditional,if assets within 2 m,True,
SI-DRAIN-RWT,DM-DRAIN-RWT-STD,CC-PROVE,30,Conditional,if assets within 2 m,True,
SI-DRAIN-RWT,DM-DRAIN-RWT-STD,CC-BREAKOUT,40,Conditional,if breakout required,True,
SI-DRAIN-RWT,DM-DRAIN-RWT-STD,CC-EXC,50,Yes,none,True,
SI-DRAIN-RWT,DM-DRAIN-RWT-STD,CC-SPOIL,60,Yes,none,True,
SI-DRAIN-RWT,DM-DRAIN-RWT-STD,CC-BEDDING,70,Conditional,bedding / levelling,True,
SI-DRAIN-RWT,DM-DRAIN-RWT-STD,CC-INSTALL,80,Yes,pipe / structure / minor civils install,True,
SI-DRAIN-RWT,DM-DRAIN-RWT-STD,CC-BFILL,90,Conditional,backfill / surround where required,True,
SI-DRAIN-RWT,DM-DRAIN-RWT-STD,CC-REINSTATE,100,Conditional,if local reinstatement required,True,
SI-DRAIN-RWT,DM-DRAIN-RWT-STD,CC-QA,110,Yes,none,True,
SI-FENCE-PERSG,DM-FENCE-PERSG,CC-PRESTART,10,Yes,none,True,
SI-FENCE-PERSG,DM-FENCE-PERSG,CC-BREAKOUT,20,Conditional,if local footing breakout required,True,
SI-FENCE-PERSG,DM-FENCE-PERSG,CC-EXC,30,Conditional,if local footing excavation required,True,
SI-FENCE-PERSG,DM-FENCE-PERSG,CC-INSTALL,40,Yes,none,True,
SI-FENCE-PERSG,DM-FENCE-PERSG,CC-TIEIN,50,Conditional,tie-ins / hardware / alignment,True,
SI-FENCE-PERSG,DM-FENCE-PERSG,CC-BFILL,60,Conditional,if footing backfill required,True,
SI-FENCE-PERSG,DM-FENCE-PERSG,CC-REINSTATE,70,Conditional,if local reinstatement required,True,
SI-FENCE-PERSG,DM-FENCE-PERSG,CC-QA,80,Yes,none,True,
SI-FENCE-VEHG,DM-FENCE-VEHG,CC-PRESTART,10,Yes,none,True,
SI-FENCE-VEHG,DM-FENCE-VEHG,CC-BREAKOUT,20,Conditional,if local footing breakout required,True,
SI-FENCE-VEHG,DM-FENCE-VEHG,CC-EXC,30,Conditional,if local footing excavation required,True,
SI-FENCE-VEHG,DM-FENCE-VEHG,CC-INSTALL,40,Yes,none,True,
SI-FENCE-VEHG,DM-FENCE-VEHG,CC-TIEIN,50,Conditional,tie-ins / hardware / alignment,True,
SI-FENCE-VEHG,DM-FENCE-VEHG,CC-BFILL,60,Conditional,if footing backfill required,True,
SI-FENCE-VEHG,DM-FENCE-VEHG,CC-REINSTATE,70,Conditional,if local reinstatement required,True,
SI-FENCE-VEHG,DM-FENCE-VEHG,CC-QA,80,Yes,none,True,
SI-FENCE-REM,DM-FENCE-REM,CC-PRESTART,10,Yes,none,True,
SI-FENCE-REM,DM-FENCE-REM,CC-BREAKOUT,20,Conditional,if local footing breakout required,True,
SI-FENCE-REM,DM-FENCE-REM,CC-EXC,30,Conditional,if local footing excavation required,True,
SI-FENCE-REM,DM-FENCE-REM,CC-INSTALL,40,Yes,none,True,
SI-FENCE-REM,DM-FENCE-REM,CC-TIEIN,50,Conditional,tie-ins / hardware / alignment,True,
SI-FENCE-REM,DM-FENCE-REM,CC-BFILL,60,Conditional,if footing backfill required,True,
SI-FENCE-REM,DM-FENCE-REM,CC-REINSTATE,70,Conditional,if local reinstatement required,True,
SI-FENCE-REM,DM-FENCE-REM,CC-QA,80,Yes,none,True,
SI-FENCE-RELOC,DM-FENCE-RELOC,CC-PRESTART,10,Yes,none,True,
SI-FENCE-RELOC,DM-FENCE-RELOC,CC-BREAKOUT,20,Conditional,if local footing breakout required,True,
SI-FENCE-RELOC,DM-FENCE-RELOC,CC-EXC,30,Conditional,if local footing excavation required,True,
SI-FENCE-RELOC,DM-FENCE-RELOC,CC-INSTALL,40,Yes,none,True,
SI-FENCE-RELOC,DM-FENCE-RELOC,CC-TIEIN,50,Conditional,tie-ins / hardware / alignment,True,
SI-FENCE-RELOC,DM-FENCE-RELOC,CC-BFILL,60,Conditional,if footing backfill required,True,
SI-FENCE-RELOC,DM-FENCE-RELOC,CC-REINSTATE,70,Conditional,if local reinstatement required,True,
SI-FENCE-RELOC,DM-FENCE-RELOC,CC-QA,80,Yes,none,True,
SI-FENCE-STKS,DM-FENCE-STKS,CC-PRESTART,10,Yes,none,True,
SI-FENCE-STKS,DM-FENCE-STKS,CC-BREAKOUT,20,Conditional,if local footing breakout required,True,
SI-FENCE-STKS,DM-FENCE-STKS,CC-EXC,30,Conditional,if local footing excavation required,True,
SI-FENCE-STKS,DM-FENCE-STKS,CC-INSTALL,40,Yes,none,True,
SI-FENCE-STKS,DM-FENCE-STKS,CC-TIEIN,50,Conditional,tie-ins / hardware / alignment,True,
SI-FENCE-STKS,DM-FENCE-STKS,CC-BFILL,60,Conditional,if footing backfill required,True,
SI-FENCE-STKS,DM-FENCE-STKS,CC-REINSTATE,70,Conditional,if local reinstatement required,True,
SI-FENCE-STKS,DM-FENCE-STKS,CC-QA,80,Yes,none,True,
SI-FENCE-STKD,DM-FENCE-STKD,CC-PRESTART,10,Yes,none,True,
SI-FENCE-STKD,DM-FENCE-STKD,CC-BREAKOUT,20,Conditional,if local footing breakout required,True,
SI-FENCE-STKD,DM-FENCE-STKD,CC-EXC,30,Conditional,if local footing excavation required,True,
SI-FENCE-STKD,DM-FENCE-STKD,CC-INSTALL,40,Yes,none,True,
SI-FENCE-STKD,DM-FENCE-STKD,CC-TIEIN,50,Conditional,tie-ins / hardware / alignment,True,
SI-FENCE-STKD,DM-FENCE-STKD,CC-BFILL,60,Conditional,if footing backfill required,True,
SI-FENCE-STKD,DM-FENCE-STKD,CC-REINSTATE,70,Conditional,if local reinstatement required,True,
SI-FENCE-STKD,DM-FENCE-STKD,CC-QA,80,Yes,none,True,
SI-FENCE-STKREM,DM-FENCE-STKREM,CC-PRESTART,10,Yes,none,True,
SI-FENCE-STKREM,DM-FENCE-STKREM,CC-BREAKOUT,20,Conditional,if local footing breakout required,True,
SI-FENCE-STKREM,DM-FENCE-STKREM,CC-EXC,30,Conditional,if local footing excavation required,True,
SI-FENCE-STKREM,DM-FENCE-STKREM,CC-INSTALL,40,Yes,none,True,
SI-FENCE-STKREM,DM-FENCE-STKREM,CC-TIEIN,50,Conditional,tie-ins / hardware / alignment,True,
SI-FENCE-STKREM,DM-FENCE-STKREM,CC-BFILL,60,Conditional,if footing backfill required,True,
SI-FENCE-STKREM,DM-FENCE-STKREM,CC-REINSTATE,70,Conditional,if local reinstatement required,True,
SI-FENCE-STKREM,DM-FENCE-STKREM,CC-QA,80,Yes,none,True,
SI-PRELIM-SITEVIS,DM-PRELIM-SITEVIS-STD,CC-PRESTART,10,Yes,none,True,
SI-PRELIM-SITEVIS,DM-PRELIM-SITEVIS-STD,CC-QA,20,Yes,none,True,
SI-PRELIM-CONSTR,DM-PRELIM-CONSTR-STD,CC-PRESTART,10,Yes,none,True,
SI-PRELIM-CONSTR,DM-PRELIM-CONSTR-STD,CC-QA,20,Yes,none,True,
SI-PRELIM-SETOUT,DM-PRELIM-SETOUT-STD,CC-PRESTART,10,Yes,none,True,
SI-PRELIM-SETOUT,DM-PRELIM-SETOUT-STD,CC-QA,20,Yes,none,True,
SI-PRELIM-ECO,DM-PRELIM-ECO-STD,CC-PRESTART,10,Yes,none,True,
SI-PRELIM-ECO,DM-PRELIM-ECO-STD,CC-QA,20,Yes,none,True,
SI-PRELIM-DILAP,DM-PRELIM-DILAP-STD,CC-PRESTART,10,Yes,none,True,
SI-PRELIM-DILAP,DM-PRELIM-DILAP-STD,CC-QA,20,Yes,none,True,
SI-PRELIM-INDUCT,DM-PRELIM-INDUCT-STD,CC-PRESTART,10,Yes,none,True,
SI-PRELIM-INDUCT,DM-PRELIM-INDUCT-STD,CC-QA,20,Yes,none,True,
SI-PRELIM-WASTE,DM-PRELIM-WASTE-STD,CC-PRESTART,10,Yes,none,True,
SI-PRELIM-WASTE,DM-PRELIM-WASTE-STD,CC-QA,20,Yes,none,True,
SI-PRELIM-PWRAUD,DM-PRELIM-PWRAUD-STD,CC-PRESTART,10,Yes,none,True,
SI-PRELIM-PWRAUD,DM-PRELIM-PWRAUD-STD,CC-QA,20,Yes,none,True,
SI-PRELIM-SUPER,DM-PRELIM-SUPER-STD,CC-PRESTART,10,Yes,none,True,
SI-PRELIM-SUPER,DM-PRELIM-SUPER-STD,CC-QA,20,Yes,none,True,
SI-PRELIM-ENGFIN,DM-PRELIM-ENGFIN-STD,CC-PRESTART,10,Yes,none,True,
SI-PRELIM-ENGFIN,DM-PRELIM-ENGFIN-STD,CC-QA,20,Yes,none,True,
SI-ENV-TC,DM-ENV-TC-STD,CC-OVERLAY,10,Yes,none,True,
SI-ENV-SEDF,DM-ENV-SEDF-STD,CC-OVERLAY,10,Yes,none,True,
SI-ENV-TREE,DM-ENV-TREE-STD,CC-OVERLAY,10,Yes,none,True,
SI-ENV-DUST,DM-ENV-DUST-STD,CC-OVERLAY,10,Yes,none,True,
SI-ENV-MUD,DM-ENV-MUD-STD,CC-OVERLAY,10,Yes,none,True,
SI-GEN-DEP-BH,DM-GEN-DEP-BH-METRO,CC-PRESTART,10,Yes,none,True,
SI-GEN-DEP-BH,DM-GEN-DEP-BH-METRO,CC-HIRE,20,Yes,none,True,
SI-GEN-DEP-BH,DM-GEN-DEP-BH-REG,CC-PRESTART,10,Yes,none,True,
SI-GEN-DEP-BH,DM-GEN-DEP-BH-REG,CC-HIRE,20,Yes,none,True,
SI-GEN-DEP-AH,DM-GEN-DEP-AH-STD,CC-PRESTART,10,Yes,none,True,
SI-GEN-DEP-AH,DM-GEN-DEP-AH-STD,CC-HIRE,20,Yes,none,True,
SI-GEN-HIRE-DAY,DM-GEN-HIRE-DAY-STD,CC-PRESTART,10,Yes,none,True,
SI-GEN-HIRE-DAY,DM-GEN-HIRE-DAY-STD,CC-HIRE,20,Yes,none,True,
SI-GEN-HIRE-WK,DM-GEN-HIRE-WK-STD,CC-PRESTART,10,Yes,none,True,
SI-GEN-HIRE-WK,DM-GEN-HIRE-WK-STD,CC-HIRE,20,Yes,none,True,
SI-GEN-FUEL,DM-GEN-FUEL-STD,CC-OVERLAY,10,Yes,none,True,
SI-GEN-SWITCH,DM-GEN-SWITCH-STD,CC-OVERLAY,10,Yes,none,True,
SI-RAIL-TRACK,DM-RAIL-TRACK-STD,CC-OVERLAY,10,Yes,none,True,
